-- MySQL dump 10.13  Distrib 8.0.14, for Win64 (x86_64)
--
-- Host: 127.0.0.1    Database: hdb2dev
-- ------------------------------------------------------
-- Server version	8.0.14

/*!40101 SET @OLD_CHARACTER_SET_CLIENT=@@CHARACTER_SET_CLIENT */;
/*!40101 SET @OLD_CHARACTER_SET_RESULTS=@@CHARACTER_SET_RESULTS */;
/*!40101 SET @OLD_COLLATION_CONNECTION=@@COLLATION_CONNECTION */;
 SET NAMES utf8 ;
/*!40103 SET @OLD_TIME_ZONE=@@TIME_ZONE */;
/*!40103 SET TIME_ZONE='+00:00' */;
/*!40014 SET @OLD_UNIQUE_CHECKS=@@UNIQUE_CHECKS, UNIQUE_CHECKS=0 */;
/*!40014 SET @OLD_FOREIGN_KEY_CHECKS=@@FOREIGN_KEY_CHECKS, FOREIGN_KEY_CHECKS=0 */;
/*!40101 SET @OLD_SQL_MODE=@@SQL_MODE, SQL_MODE='NO_AUTO_VALUE_ON_ZERO' */;
/*!40111 SET @OLD_SQL_NOTES=@@SQL_NOTES, SQL_NOTES=0 */;

--
-- Table structure for table `ContractCommentLikes`
--

DROP TABLE IF EXISTS `ContractCommentLikes`;
/*!40101 SET @saved_cs_client     = @@character_set_client */;
 SET character_set_client = utf8mb4 ;
CREATE TABLE `ContractCommentLikes` (
  `ContractCommentId` int(11) NOT NULL,
  `UserId` int(11) NOT NULL,
  PRIMARY KEY (`ContractCommentId`,`UserId`),
  KEY `fk_ContractComments_has_Users_Users1_idx` (`UserId`),
  KEY `fk_ContractComments_has_Users_ContractComments1_idx` (`ContractCommentId`),
  CONSTRAINT `fk_ContractComments_has_Users_ContractComments1` FOREIGN KEY (`ContractCommentId`) REFERENCES `ContractComments` (`ContractCommentId`),
  CONSTRAINT `fk_ContractComments_has_Users_Users1` FOREIGN KEY (`UserId`) REFERENCES `Users` (`UserId`)
) ENGINE=InnoDB DEFAULT CHARSET=utf8;
/*!40101 SET character_set_client = @saved_cs_client */;

--
-- Dumping data for table `ContractCommentLikes`
--

LOCK TABLES `ContractCommentLikes` WRITE;
/*!40000 ALTER TABLE `ContractCommentLikes` DISABLE KEYS */;
/*!40000 ALTER TABLE `ContractCommentLikes` ENABLE KEYS */;
UNLOCK TABLES;

--
-- Table structure for table `ContractComments`
--

DROP TABLE IF EXISTS `ContractComments`;
/*!40101 SET @saved_cs_client     = @@character_set_client */;
 SET character_set_client = utf8mb4 ;
CREATE TABLE `ContractComments` (
  `ContractCommentId` int(11) NOT NULL AUTO_INCREMENT,
  `UserId` int(11) NOT NULL,
  `ContractId` int(11) NOT NULL,
  `ContractCommentText` varchar(255) DEFAULT NULL,
  PRIMARY KEY (`ContractCommentId`),
  UNIQUE KEY `ContractCommentId_UNIQUE` (`ContractCommentId`),
  KEY `fk_Users_has_Contracts_Contracts1_idx` (`ContractId`),
  KEY `fk_Users_has_Contracts_Users1_idx` (`UserId`),
  CONSTRAINT `fk_Users_has_Contracts_Contracts1` FOREIGN KEY (`ContractId`) REFERENCES `Contracts` (`ContractId`),
  CONSTRAINT `fk_Users_has_Contracts_Users1` FOREIGN KEY (`UserId`) REFERENCES `Users` (`UserId`)
) ENGINE=InnoDB DEFAULT CHARSET=utf8;
/*!40101 SET character_set_client = @saved_cs_client */;

--
-- Dumping data for table `ContractComments`
--

LOCK TABLES `ContractComments` WRITE;
/*!40000 ALTER TABLE `ContractComments` DISABLE KEYS */;
/*!40000 ALTER TABLE `ContractComments` ENABLE KEYS */;
UNLOCK TABLES;

--
-- Table structure for table `ContractRatings`
--

DROP TABLE IF EXISTS `ContractRatings`;
/*!40101 SET @saved_cs_client     = @@character_set_client */;
 SET character_set_client = utf8mb4 ;
CREATE TABLE `ContractRatings` (
  `ContractId` int(11) NOT NULL,
  `UserId` int(11) NOT NULL,
  `RatingScore` int(11) DEFAULT NULL,
  PRIMARY KEY (`ContractId`,`UserId`),
  KEY `fk_Contracts_has_Users_Users1_idx` (`UserId`),
  KEY `fk_Contracts_has_Users_Contracts1_idx` (`ContractId`),
  CONSTRAINT `fk_Contracts_has_Users_Contracts1` FOREIGN KEY (`ContractId`) REFERENCES `Contracts` (`ContractId`),
  CONSTRAINT `fk_Contracts_has_Users_Users1` FOREIGN KEY (`UserId`) REFERENCES `Users` (`UserId`)
) ENGINE=InnoDB DEFAULT CHARSET=utf8;
/*!40101 SET character_set_client = @saved_cs_client */;

--
-- Dumping data for table `ContractRatings`
--

LOCK TABLES `ContractRatings` WRITE;
/*!40000 ALTER TABLE `ContractRatings` DISABLE KEYS */;
INSERT INTO `ContractRatings` VALUES (1,13,4),(1,39,4),(2,5,2),(2,13,4),(2,15,1),(2,22,1),(2,39,2),(2,76,1),(2,88,1),(2,114,1),(3,4,3),(3,5,4),(3,39,4),(3,84,4),(4,4,1),(4,5,1),(4,9,1),(4,22,1),(4,31,3),(4,47,1),(4,76,1),(4,88,1),(5,13,3),(5,39,4),(5,52,4),(6,17,1),(6,39,1),(6,52,1),(10,9,4),(10,22,3),(11,11,4),(12,5,4),(12,11,5),(13,5,5),(13,7,4),(13,16,4),(13,22,4),(13,37,4),(13,121,5),(14,11,5),(15,37,4),(20,11,5),(23,16,4),(23,31,4),(23,37,4),(23,76,3),(23,92,2),(29,39,3),(30,28,3),(37,39,4),(37,133,5),(38,39,4),(42,149,4),(49,13,4),(49,34,5),(49,92,5),(57,5,4),(57,16,3),(59,39,4),(59,114,3),(67,5,5),(67,13,2),(67,31,4),(67,114,2),(68,16,4),(68,37,5),(68,80,5),(69,13,4),(69,16,3),(70,13,3),(70,31,4),(70,85,4),(71,13,4),(71,114,5),(72,16,4),(73,16,4),(73,68,4),(73,80,4),(75,28,4),(76,16,3),(76,28,5),(79,39,3),(81,13,3),(86,22,2),(86,28,4),(87,16,4),(89,28,5),(90,39,2),(93,16,4),(93,39,4),(95,5,5),(95,22,4),(95,37,4),(96,16,4),(97,22,4),(97,37,5),(104,39,3),(107,5,4),(107,34,5),(107,52,5),(108,5,3),(108,28,5),(108,34,5),(109,5,4),(109,22,4),(109,28,5),(109,34,5),(110,5,3),(110,34,5),(111,5,4),(111,28,4),(111,34,5),(112,5,4),(112,34,5),(112,39,4),(113,5,3),(113,34,5),(113,80,4),(114,5,2),(114,34,5),(115,17,3),(115,34,5),(121,5,4),(121,8,5),(151,16,4),(153,11,4),(153,16,4),(159,149,3),(164,13,5),(164,39,4),(169,39,4),(171,16,4),(171,22,3),(174,25,4),(177,39,4),(181,27,4),(181,114,4),(181,149,3),(182,52,4),(184,5,3),(184,16,4),(184,31,5),(184,37,4),(184,76,4),(185,5,2),(185,16,3),(185,31,5),(185,37,4),(185,76,5),(186,16,3),(186,31,3),(186,37,4),(186,76,2),(186,88,1),(186,154,5),(187,16,4),(187,31,3),(187,37,5),(187,39,3),(187,85,3),(188,16,3),(188,31,4),(188,76,4),(189,16,4),(189,31,4),(189,37,5),(189,76,4),(190,16,3),(190,28,3),(190,31,3),(190,37,4),(190,52,2),(190,76,3),(196,5,4),(196,27,5),(196,39,4),(196,205,4),(197,27,4),(199,5,5),(212,5,4),(213,5,4),(213,38,4),(235,5,2),(235,13,4),(235,16,3),(235,39,3),(238,82,4),(241,47,5),(246,39,3),(247,16,3),(256,47,4),(257,25,4),(264,16,4),(265,16,4),(265,112,4),(277,5,4),(277,39,5),(279,31,5),(279,47,4),(282,5,2),(282,34,5),(283,27,4),(292,5,4),(292,17,5),(292,28,5),(292,31,5),(292,37,5),(292,39,5),(292,113,5),(294,27,5),(294,39,4),(295,27,2),(296,27,3),(298,5,3),(298,15,5),(298,16,3),(298,39,4),(298,122,4),(303,5,4),(303,82,5),(304,5,4),(304,16,4),(306,5,3),(306,122,3),(307,39,4),(310,16,4),(312,25,4),(313,25,4),(314,25,5),(317,22,3),(317,122,4),(318,5,4),(318,22,3),(318,122,4),(319,5,1),(319,22,2),(319,31,3),(319,37,4),(319,47,1),(319,52,2),(319,122,4),(320,5,4),(320,22,4),(320,31,5),(321,22,5),(321,88,1),(322,5,3),(322,22,4),(322,27,4),(322,31,4),(322,122,4),(323,5,4),(323,22,2),(323,134,5),(337,5,5),(337,39,3),(341,39,4),(341,122,4),(344,52,3),(346,5,3),(346,13,4),(346,47,1),(348,5,4),(348,10,5),(349,10,4),(361,5,4),(361,27,4),(361,205,4),(362,27,4),(363,122,4),(366,122,4),(372,25,4),(374,13,5),(378,25,4),(381,149,3),(386,13,5),(388,122,4),(391,39,3),(397,13,5),(397,16,4),(398,5,4),(398,13,5),(398,16,4),(398,47,1),(398,122,5),(407,16,4),(410,122,4),(412,122,4),(414,13,1),(414,25,1),(414,52,1),(417,27,4),(417,52,5),(435,16,4),(436,16,4),(441,16,4),(445,5,4),(445,149,3),(446,5,3),(447,5,4),(447,52,4),(448,5,2),(449,132,1),(450,180,3),(451,5,3),(451,22,5),(451,149,4),(454,16,4),(454,37,4),(455,5,3),(459,5,3),(459,16,5),(466,5,4),(466,22,5),(466,149,4),(471,114,4),(471,132,4),(472,5,1),(475,5,4),(475,22,4),(479,5,4),(479,114,4),(479,149,3),(480,5,5),(480,13,1),(480,150,5),(482,16,4),(482,146,4),(485,5,4),(489,5,5),(489,114,4),(490,28,5),(490,47,4),(490,147,5),(490,149,3),(492,5,1),(492,47,1),(492,52,1),(492,76,1),(492,149,3),(493,5,4),(493,22,4),(493,149,4),(494,5,4),(494,47,4),(494,149,4),(502,150,4),(513,5,4),(513,95,2),(513,149,3),(516,5,3),(516,47,1),(516,95,4),(516,149,3),(517,5,5),(517,149,4),(518,5,4),(518,149,3),(519,5,3),(519,149,3),(520,5,3),(520,149,4),(521,5,4),(521,132,1),(521,149,3),(522,5,4),(522,47,1),(522,95,5),(522,149,3),(523,5,4),(523,47,1),(523,149,4),(524,27,4),(524,95,4),(524,149,3),(525,5,4),(525,95,4),(525,149,3),(526,5,4),(526,47,4),(526,149,4),(527,5,4),(531,5,4),(532,5,4),(543,149,5),(546,149,5),(551,149,4),(571,180,2),(578,203,3);
/*!40000 ALTER TABLE `ContractRatings` ENABLE KEYS */;
UNLOCK TABLES;

--
-- Table structure for table `Contracts`
--

DROP TABLE IF EXISTS `Contracts`;
/*!40101 SET @saved_cs_client     = @@character_set_client */;
 SET character_set_client = utf8mb4 ;
CREATE TABLE `Contracts` (
  `ContractId` int(11) NOT NULL AUTO_INCREMENT,
  `UserId` int(11) NOT NULL,
  `MissionId` int(11) NOT NULL,
  `GameId` int(11) NOT NULL,
  `ContractTitle` varchar(45) NOT NULL,
  `ContractAbout` text,
  `ContractPC` varchar(45) DEFAULT NULL,
  `ContractPS4` varchar(45) DEFAULT NULL,
  `ContractX1` varchar(45) DEFAULT NULL,
  `ContractTargets` int(11) DEFAULT NULL,
  `ContractDate` datetime DEFAULT NULL,
  PRIMARY KEY (`ContractId`),
  UNIQUE KEY `ContractId_UNIQUE` (`ContractId`),
  KEY `fk_Contracts_Users1_idx` (`UserId`),
  KEY `fk_Contracts_Missions1_idx` (`MissionId`),
  KEY `fk_Contracts_Games1_idx` (`GameId`),
  CONSTRAINT `fk_Contracts_Games1` FOREIGN KEY (`GameId`) REFERENCES `Games` (`GameId`),
  CONSTRAINT `fk_Contracts_Missions1` FOREIGN KEY (`MissionId`) REFERENCES `Missions` (`MissionId`),
  CONSTRAINT `fk_Contracts_Users1` FOREIGN KEY (`UserId`) REFERENCES `Users` (`UserId`)
) ENGINE=InnoDB AUTO_INCREMENT=597 DEFAULT CHARSET=utf8;
/*!40101 SET character_set_client = @saved_cs_client */;

--
-- Dumping data for table `Contracts`
--

LOCK TABLES `Contracts` WRITE;
/*!40000 ALTER TABLE `Contracts` DISABLE KEYS */;
INSERT INTO `Contracts` VALUES (1,1,84,6,'DEADLY HATTRICK',NULL,'FEATURED','FEATURED','FEATURED',3,NULL),(2,1,84,6,'NICE, CLEAN AND EASY',NULL,'FEATURED','FEATURED','FEATURED',1,NULL),(3,1,84,6,'Sons of Siam',NULL,'FEATURED','FEATURED','FEATURED',3,NULL),(4,1,83,6,'The Matsuda-san Contract',NULL,'FEATURED','FEATURED','FEATURED',3,NULL),(5,1,83,6,'Media Menace',NULL,'FEATURED','FEATURED','FEATURED',3,NULL),(6,1,83,6,'Extinction Event',NULL,'FEATURED','FEATURED','FEATURED',3,NULL),(8,5,82,6,'The Great Virus Robbery','A contract revolving around Suit-only infiltration in Caruso&#39;s mansion. Three targets, two of which are well-entrenched and 1 of which walks around in the open.','','2-03-8723859-64','3-03-5577012-41',3,'2017-03-14 14:05:42'),(9,7,86,6,'Low Budget Ninja','Katanas are expensive, yo.','1-10-0111296-00','','',5,'2017-03-14 14:07:02'),(10,8,80,6,'A Final Test for SA/AO speedruns','SA/AO in Airfield Security disguise.\r\nContract made by AlexNiedt.','1-01-3904592-80','','',1,'2017-03-14 14:07:08'),(11,7,82,6,'Massage Therapy','The following people need some serious massage therapy. Dr. Oscar Lafayette has disappeared recently and we seriously need someone to treat these people. Can you take the job, mister...uhm... Tobias Reaper?','1-03-2585057-00','','',5,'2017-03-14 14:09:52'),(12,7,82,6,'Lazy Day At The Beach','These lazy people are too lazy to go to the bathroom. Why not help them out a bit?','1-03-8280909-00','','',5,'2017-03-14 14:11:18'),(13,6,82,6,'Cleaning House','A quick and easy contract in Silvio&#39;s mansion focusing on the housekeeper disguise. Optimisation is key.\r<br>\r<br>','FEATURED','FEATURED','FEATURED',4,'2017-03-14 14:11:33'),(14,7,85,6,'Anti-Social Chef','You\'re anti-social\r\n\r\nAnd you\'re a chef.\r\n\r\nYou\'re also a hitman...\r\n\r\nGood luck.','1-09-2872211-00','','',4,'2017-03-14 14:12:21'),(15,6,83,6,'One Star Service','Five waiters at the shisha café must be killed using the fiber wire. Suit restriction.','FEATURED','FEATURED','FEATURED',4,'2017-03-14 14:13:07'),(16,7,86,6,'Dexter Industries','It\'s an absolute mayhem','1-10-1499498-00','','',5,'2017-03-14 14:13:16'),(17,7,82,6,'The Jealous Mime','Good morning, 47.\r\n\r\nWe\'ve just received a contract on these three shopkeepers. The contractor says that they have ruined his life by getting him fired from a local sandwich store. He now loves off in the streets as a professional mime. The contract requires you to eliminate these three targets with whatever their job is related to and you must do it while wearing a street performer disguise. Good luck, 47','1-03-5715758-00','','',3,'2017-03-14 14:16:21'),(18,7,81,6,'A Love Letter','Wish these lovely ladies a happy Valentines day with a love letter... sort of...','1-02-4773940-00','','',5,'2017-03-14 14:18:10'),(19,7,84,6,'Breaking Up The Band','Break up the band with the following conditions while looking professional. Have fun!','1-08-6218926-00','','',5,'2017-03-14 14:19:55'),(20,7,82,6,'Guns Are Cool','And so are you <3','1-06-3674529-00','','',5,'2017-03-14 14:21:15'),(21,7,80,6,'Dethrone The Knight','Eliminate the knight and the men that serve him in any way possible','1-01-9517493-00','','',5,'2017-03-14 14:23:22'),(23,4,82,6,'Sunday Afternoon','No weapon/disguise restrictions, 3 targets scattered between the church and the mansion.','FEATURED','FEATURED','FEATURED',3,'2017-03-15 07:52:24'),(24,5,86,6,'A Study in Corruption','4 targets, all Suit only. Requires skilled infiltration.','','','3-10-0972326-41',4,'2017-03-17 06:21:39'),(25,5,82,6,'Medival Doctorate Simulator','The title is spelt wrong, I know. Five targets with different kill methods, but all require plague doctor disguise. Challenging puzzle contract.','','','3-03-2126555-41',5,'2017-03-17 06:24:51'),(26,5,86,6,'Fire, Water and Ice','Four targets all killed in different accidents. Can be completed in 32 seconds if you know the trick for it.','','','3-10-3112485-41',4,'2017-03-17 06:27:08'),(27,5,85,6,'Takedown in Valhalla','4 targets Suit only in Colorado. Tricky to navigate the map and the targets are well spread out and have good routines.','','','3-09-4075350-41',4,'2017-03-17 17:30:25'),(28,15,89,6,'Shuriken Master','','','2-04-6344791-57','',5,'2017-03-17 18:07:30'),(29,16,89,6,'The Fire Down Below','An esoteric series of juggled kills on Landslide, vaguely relating to the title.','1-04-4132721-02','','',5,'2017-03-17 18:30:32'),(30,16,81,6,'Running A Tight Ship','Speed contract to fiber wire three auction staff on the top floor. Two are easy, the last not so much.','1-02-1383968-02','','',3,'2017-03-17 18:31:04'),(31,16,89,6,'The Lorenzini Liquidation','Suit-only assault rifle kill of Abiatti and a number of other seemingly public targets.','1-04-0348201-02','','',5,'2017-03-17 18:31:35'),(32,16,88,6,'This Party Sucks','Drown a bunch of people at Kong\'s party. A test of map knowledge and game mechanics but there\'s still a lot of speed improvements possible I suspect.','1-07-6168839-02','','',5,'2017-03-17 18:32:00'),(33,16,83,6,'The Ekbom Insurrection','Kill a guard in the consulate courtyard in your suit, then an officer in the basement as the guard, then the consul upstairs as the officer. The kills are easy, but avoiding Body Found is going to require either detours, accidents, subduals, or a gutsy route and raw speed.','1-06-2433136-02','','',3,'2017-03-17 18:32:20'),(34,16,88,6,'We&#39;re Extremely Bad Bodyguards, Honestly','Garrote a trio of folks who are being closely monitored by bodyguards. Easy and short, I\'m just trying to come up with more Marrakesh stuff.','1-07-9997675-02','','',3,'2017-03-17 18:32:56'),(35,16,84,6,'Double-Crossed','Riverwalk contract requiring the poisoning of two targets as Ken Morgan\'s bodyguard. There is a nasty surprise baked into the contract that anyone serious about running it will probably never run into.','1-08-6717627-02','','',2,'2017-03-17 18:33:18'),(36,16,85,6,'How&#39;d You Even Get In Here?','Blow up targets in the farmhouse and barn as the cook, who has access to neither area.','1-09-7100437-02','','',4,'2017-03-17 18:34:35'),(37,16,86,6,'The Buddy System','Fiber wire three guards who are always with a partner.','1-10-0802305-02','','',3,'2017-03-17 18:35:01'),(38,16,86,6,'The Soders Exploder...s','Blow up three surgeons with an accident. Finding an accidental explosive on Hokkaido is just the first step.','1-10-1899705-02','','',3,'2017-03-17 18:35:26'),(39,16,86,6,'Nick Laurent Is Dead','Inspired by The McVeigh Mishap, kill the Chief Surgeon with a falling object.','1-10-7431091-02','','',1,'2017-03-17 18:35:49'),(40,16,82,6,'It&#39;s StalaCtite! Remember: C for CRUSHED','Crush four biolab workers with stalactites. Getting them in position fast is the key.','1-03-6445612-02','','',4,'2017-03-17 18:36:41'),(41,16,83,6,'Questionable Catering','Poison Zaydan, Strandberg, and the protest leader. There are exactly two Lethal Poison Vials on the map, so you\'ll need to bring one. Deciding where to start and who to poison when is where the challenge lies. You don\'t have to STAY a Food Vendor, but you need to be in that disguise at the exact moment each one dies.','1-06-4820382-02','','',3,'2017-03-17 18:37:04'),(42,18,82,6,'The Word on the Street','Good afternoon, 47. Silvio Caruso has returned once again for help. It\'s the second anniversary of his mother\'s death and Dr De Santis seems to be working with a local P.I. to undermine him with rumours of foul play. Also involved is Caruso\'s new therapist, likely vetted by De Santis to make Silvio sweat. Next, the golf instructor - clearly a spy reporting to De Santis. Eliminate them all and quell Dr Caruso\'s paranoia. Good luck, 47.','FEATURED','FEATURED','FEATURED',0,'2017-03-17 18:37:43'),(43,16,88,6,'On Walkabout','Kill three guards near the edges of the map with three different accidents.','1-07-8951081-02','','',3,'2017-03-17 18:38:01'),(44,16,83,6,'A Difficult A-sign-ment','Kill four sign-carrying protesters in full view of a dozen soldiers and a crowd of non-NPCs. I am 100% certain Silent Assassin is possible, though it might be a little random and I haven\'t managed it yet.','1-06-2997112-02','','',4,'2017-03-17 18:38:27'),(45,16,81,6,'Conscience Does Make Cowards of Us All','A mad girl drowns. A queen drinks poison. A king cut down. Goodnight, sweet prince.','1-02-0902209-02','','',4,'2017-03-17 18:39:09'),(46,16,82,6,'And My Poor Fool is Hanged','Three daughters dead. A blind man leaps from a tall cliff, or so he thinks. The Fool dies offscreen.','1-03-5371781-02','','',5,'2017-03-17 18:39:33'),(47,16,83,6,'Now is the Winter of Our Discontent','One lord drowned, another beheaded. A lady poisoned. My kingdom for a horse!','1-06-2363694-02','','',4,'2017-03-17 18:40:06'),(48,18,86,6,'Director&#39;s Cut','Good evening, 47. Our client is the director of a rival healthcare provider whose hospital has suffered as a result of the pool of talent employed by GAMA.He has tasked us with remobing The Curator, the Chief Surgeon, the Morgue Doctor and a stem cell specialist - all experts in their field. Also on the list is a former patient of our client, get rid of her. Nakamura\'s chip must be registered at the targets last known location, to draw suspiciont kill him or get seen. Good luck, 47.','','','3-10-4637096-09',5,'2017-03-17 18:42:58'),(49,4,84,6,'Second Life Syndrome','Easy contract with a bunch of routing options. Challenge is to complete this in 2 minutes. No weapon restrictions.','FEATURED','FEATURED','FEATURED',3,'2017-03-18 12:01:33'),(50,22,81,6,'Shooter in the Attic','Snipe five targets on the museum grounds from various positions in the attic.  Silent Assassin is possible if you shoot various distractions in order to lure your targets to secluded spots.','1-02-9121616-68','','',5,'2017-03-18 13:44:46'),(51,22,81,6,'By Their Own Hand','This contract asks you to stage five suicides by killing your targets using items they would normally carry (e.g. scissors on a stylist).  Extra optional rules: you must not move the bodies after they fall, you must not take their clothes, and you must place the murder weapon by the body\'s hand.','1-02-7786144-68','','',5,'2017-03-18 13:45:14'),(52,22,81,6,'Mad Dash','Start at the red carpet and run to the helicopter in the back, fiber-wiring targets as you go.','1-02-0172760-68','','',5,'2017-03-18 13:45:41'),(53,22,81,6,'Outside Looking In','SASO sniper contract.  You must circumnavigate the whole museum, sniping people inside through the windows as you work your way around.','1-02-4941823-68','','3-02-6124359-88',5,'2017-03-18 13:46:02'),(54,22,82,6,'The Undead Knife Collector','Eliminate five targets in the graveyard using five different sorts of knife.','1-03-4464843-68','','',5,'2017-03-18 13:46:29'),(55,22,82,6,'Thinning the Ranks: Sapienza','Eliminate Silvio\'s and Francesca\'s personal bodyguards with fiber-wire.','1-03-5775682-68','','',4,'2017-03-18 13:46:52'),(56,22,82,6,'Cupid&#39;s Arrow','Eliminate Francesca de Santis and her golf coach lover with a sniper rifle.  As an added challenge, try to do it with a single bullet and without knocking them out.','1-03-0836672-68','','3-03-8774455-88',2,'2017-03-18 13:47:11'),(57,22,89,6,'Sightlines of Sapienza','SASO sniper contract in Sapienza at evening.  The two targets in the church are tricky.  They\'re easy to kill if you take the rifle to them, but the quickest times will snipe them from afar, and that is a challenging task.','1-04-6551244-68','','',5,'2017-03-18 13:47:46'),(58,22,83,6,'The Qarin','A contract based on North African mythology.  You must dress up in the same clothing as five different targets and cause them to die in accidents.','1-06-2953791-68','','',5,'2017-03-18 13:48:10'),(59,22,88,6,'Foretold','Snipe the fortune teller in your suit.  Getting Silent Assassin on this one without changing out of your suit is a bit of a puzzle.  Featured contract.','FEATURED','FEATURED','FEATURED',1,'2017-03-18 13:48:30'),(60,22,88,6,'Aisha Kandisha','Lead five individuals to water-related deaths in this contract based on North African mythology.','1-07-3232650-68','','',5,'2017-03-18 13:48:49'),(61,22,84,6,'The Name Fits','Eliminate three of Jordan Cross\' bodyguards in a manner befitting their nicknames.','1-08-0681928-68','','',3,'2017-03-18 13:49:24'),(62,22,84,6,'Security Through Obscurity','While wearing your suit, eliminate a guard in the security room and a guard in the security hut, using a shotgun on one and an assault rifle on the other.  Only one weapon can be silenced; it\'s your choice which.  Very challenging.','1-08-1748747-68','','',2,'2017-03-18 13:49:45'),(63,22,84,6,'Phi Krasue','A contract based on a Thai ghost story.  Drive a machete through five different women on the Himmapan premises.','1-08-6534209-68','','',5,'2017-03-18 13:50:06'),(64,22,85,6,'Rocky Mountain Rifleman','SASO sniper challenge in Colorado.  The five targets are spread all across the map; the contract is very non-linear.  (Don\'t forget that shooting the fusebox by the water tower will change one target\'s movements.)','1-09-4587465-68','','',5,'2017-03-18 13:50:28'),(65,22,86,6,'Thinning the Ranks: Hokkaido','Use fiber-wire to eliminate Yuki\'s personal bodyguards and two of the bodyguards barring entry to Soders\' surgery room.','1-10-8448809-68','','',4,'2017-03-18 13:51:00'),(66,22,86,6,'Tamika and Harumi','Short and sweet contract that asks you to shoot two greeters with a pistol.  The challenge is that they are in an area full of windows.  You have to figure out the sightlines of possible witnesses.','1-10-6947945-68','','',2,'2017-03-18 13:51:20'),(67,22,83,6,'Blindness and Sight','Kill the prisoner with an explosive while dressed as the cameraman; kill the cameraman with a shotgun while dressed as the prisoner.  Fiendishly difficult.  Caused a lot of hair-pulling when it was a featured contract.','FEATURED','FEATURED','FEATURED',2,'2017-03-18 14:00:04'),(68,22,82,6,'Too Many Claudios','There are four Claudios in Sapienza.  Find them and eliminate them in your signature suit.  Featured contract.','FEATURED','FEATURED','FEATURED',4,'2017-03-18 14:00:29'),(69,22,84,6,'Cappin&#39; Cap&#39;ns','Guards at the Himmapan wear funny pointed helmets, but the captains wear cap\'n caps. Cap all the captains and capture their cap\'n caps!\r\n\r\nFeatured contract.','FEATURED','FEATURED','FEATURED',3,'2017-03-18 14:01:18'),(70,22,81,6,'Aquacadabra','Drown three targets while dressed as the Vampire Magician.  Featured contract.','FEATURED','FEATURED','FEATURED',3,'2017-03-18 14:01:37'),(71,22,81,6,'Explosive Secrets','Eliminate three security guards with items you bring in your loadout; the fourth must be killed with a bomb that can be found within the level.  For added challenge, try to detonate the bomb while on the top floor and still get Silent Assassin.  Featured contract.','FEATURED','FEATURED','FEATURED',4,'2017-03-18 14:02:02'),(72,22,82,6,'Sniper Mario','Dress up as Mario and snipe five targets from the churchyard area.  Featured contract.','FEATURED','FEATURED','FEATURED',5,'2017-03-18 14:02:26'),(73,22,89,6,'The Bathroom Butcher','Grab a cleaver, dress as a butcher, and eliminate five targets in the bathrooms under the ice cream shop','1-04-8174158-68','','',5,'2017-03-18 14:04:51'),(74,24,86,6,'The Kraft Conspiracy','This is a 5-target contract based in the operation wing of Hokkaido, with specific kills.\r\n[STORY]\r\nGood evening, 47. These 5 targets have committed the worst crime of all: insulting kraft mac and cheese. Deal with them as required.','','','3-10-8260734-27',5,'2017-03-18 14:22:49'),(75,17,89,6,'It&#39;s Mightier Than The Pen','It\'s all about who used expired sauce! check breifing in this contract!','1-04-1331518-41','','',4,'2017-03-18 14:27:47'),(76,27,82,6,'Kill Order: Shop-owner&#39;s bastards','Preview + Briefing: https://i.imgur.com/ILBPLIh.jpg','1-03-2014072-67','','',3,'2017-03-18 16:11:48'),(78,27,81,6,'The Axes Of Symmetry','Preview + Briefing:\r\nhttps://i.imgur.com/A4xGU6C.jpg','1-02-2516980-67','','',4,'2017-03-18 16:22:55'),(79,27,82,6,'Dead Heat Finals','Preview + Briefing:\r\nhttps://i.imgur.com/q3RM3oH.jpg','1-03-1464675-67','','',3,'2017-03-18 16:23:53'),(81,27,84,6,'Broken Shower','Preview + Briefing: \r<br>https:&#47;&#47;i.imgur.com&#47;FU44Ahn.jpg\r<br>\r<br>EDIT: yay featured!\r<br>\r<br>Thanks Remedy for the XB1 port of the original contract!','FEATURED','FEATURED','FEATURED',1,'2017-03-18 16:27:12'),(83,27,84,6,'Do it for her','Preview + Briefing: \r\nhttps://i.imgur.com/SLwDGgU.jpg','1-08-7378054-67','','',5,'2017-03-18 16:28:15'),(84,27,86,6,'The Burning Man Miracle','Preview + Briefing: \r\nhttps://i.imgur.com/ljwR5uz.jpg','1-10-1844258-67','','',2,'2017-03-18 16:29:07'),(86,27,82,6,'Mario kills Luigi, Luigi kills Mario','(might add a preview picture later)','1-03-7783712-67','','',2,'2017-03-18 16:30:29'),(87,27,89,6,'The Art Critic','Preview + Briefing: \r\nhttps://i.imgur.com/foQQ1lP.jpg','1-04-1673146-67','','',1,'2017-03-18 16:31:37'),(88,27,81,6,'The Trick','Preview + Briefing: \r\nhttps://i.imgur.com/43XSRrV.jpg','1-02-5124447-67','','',2,'2017-03-18 16:32:29'),(89,27,85,6,'Psychology of Fear','Preview + Briefing:\r\nhttps://i.imgur.com/eB2ja0r.jpg','1-09-0476563-67','','',2,'2017-03-18 16:33:31'),(90,27,88,6,'Hometown Tragedy','Preview + Briefing: \r\nhttps://i.imgur.com/Rsws2P7.jpg','1-07-9842788-67','','',4,'2017-03-18 16:34:37'),(91,16,84,6,'Low-Budget Phantom of the Himmapan','IOI loves putting chandeliers in maps. It\'s time to give them what they want. It\'s time to give you what you want. You know you do. ','1-08-7287299-02','','',4,'2017-03-18 16:34:55'),(92,27,83,6,'Intermedia Warfare','Preview + Briefing: \r\nhttps://i.imgur.com/xfUNdEq.jpg','1-06-9031549-67','','',3,'2017-03-18 16:35:37'),(93,32,89,6,'Banish The Corrupt','Eliminate church bodyguars with a pistol.','1-04-2781274-76','','',5,'2017-03-18 18:14:19'),(95,31,85,6,'Dirt Track','Featured contract for Freedom Fighters. Without any kind of restricitons.','3-09-2788590-96 FEATURED','3-09-2788590-96 FEATURED','3-09-2788590-96 FEATURED',5,'2017-03-18 18:19:30'),(96,31,86,6,'What Kind of Resort Is This?','Featured contract that is a reference to Half Life 2  Episode 1.','3-10-8632765-96 FEATURED','3-10-8632765-96 FEATURED','3-10-8632765-96 FEATURED',5,'2017-03-18 18:23:09'),(97,31,83,6,'Releasing Tensions','Featured contract that turned out pretty good to show that the embassy is a good portion of the map to play with.','3-06-0052576-96 FEAUTRED','3-06-0052576-96 FEATURED','3-06-0052576-96 FEATURED',5,'2017-03-18 18:25:23'),(98,31,85,6,'Crispy Apricot','Just a test of how fast you can cause fire accident kills in the apricot farm and turned out to be nice enough.','','','3-09-1581737-96',5,'2017-03-18 18:26:54'),(99,31,85,6,'Tense Perimeter','Quick chain of fiber wire kills with any outfit you want.','','','3-09-0017172-96',1,'2017-03-18 18:28:05'),(100,31,85,6,'Breath Robber','Fiber wire kills while dressed as the scarecrow and in the zone of the house. Helped to notice that some objects, while don\'t seem to do so, can hide your kills effectively. Example of this is the red umbrella at the backyard where the soldiers are doing push-ups.','','','3-09-1076585-96',5,'2017-03-18 18:30:07'),(101,31,86,6,'Beary Manly','Fiber wire and melee kills with two targets free of disguise restriction and the othe three with disguise restriction, including yoga teacher, morgue doctor and helicopter pilot.','','','3-10-0353049-96',5,'2017-03-18 18:36:13'),(102,31,89,6,'A Time To Uproot','Fiber wire kills while dressed as a gardener. The purporse of the disguise condition was that while you get the outfit, the targets start with their routes and can allow for a quick chain of kills given you are quick enough. ','','','3-04-9622273-96',5,'2017-03-18 18:39:06'),(103,28,80,6,'The Last Mission for 47 (pls trust me)','Contract is not that hard. You have to kill 5 evil men on Final Test. There is a disguise restriction and weapon restriction.','1-01-3898302-57','','',5,'2017-03-18 19:09:45'),(104,16,89,6,'What Part of \"No Parking\" Wasn&#39;t Clear?','Take out three cars and their drivers, or at least the three civilians who happen to be closest to those cars. Maybe those people are innocent. Maybe you don\'t care.','1-04-3120219-02','','',3,'2017-03-18 21:12:36'),(105,35,82,6,'They&#39;re Growing More Than Just Flowers','Our client, Mr. Caruso himself, has discovered that five of his gardeners are using his property in order to grow and distribute all nature of illegal drugs. He wishes to put a permanent stop to their activities, but is still regaining the public\'s trust after his mother\'s death. He has contracted the agency in order to resolve his problem discreetly. You must kill all five gardeners using the axe in the shed, retrieve both cannabis joints in the area, and cannot injure Mr. Caruso. Good luck, 47','1-03-7763774-26','','',5,'2017-03-18 21:37:35'),(106,27,87,6,'Exploitation!','Preview + Briefing:\r\nhttps://i.imgur.com/bAsWFbc.jpg','1-05-5446261-67','','',2,'2017-03-18 23:03:44'),(107,37,81,6,'Assault Rifle Man 3000','Kill 5 people with an Assault Rifle while in your Suit.','1-02-9436366-57','','',5,'2017-03-19 04:18:47'),(108,37,82,6,'Machete Man 3000','Kill 5 people with a Machete while in your Suit.','1-03-2649205-57','','',5,'2017-03-19 04:19:47'),(109,37,83,6,'Shuriken Man 3000','Kill 5 people with Shurikens while in your Suit.','1-06-7949693-57','','',5,'2017-03-19 04:20:40'),(110,37,84,6,'Sniper Man 3000','Kill 5 people with a Sniper Rifle while in your Suit.','1-08-6949291-57','','',5,'2017-03-19 04:21:38'),(111,37,85,6,'Pianoman 3000','Kill 5 people with the Fiber Wire while in your suit.','1-09-0564583-57','','',5,'2017-03-19 04:23:25'),(112,37,82,6,'Wrong Head to Cut','Kill Rocco and 3 other people with thrown Scissors while disguised as an Stylist.','1-03-3396924-57','','',4,'2017-03-19 04:27:20'),(113,37,84,6,'That Sushi Was RAW!','Kill 4 chefs with the Cleaver.','1-08-0107796-57','','',4,'2017-03-19 04:29:05'),(114,37,81,6,'Bodyguard Hater','Kill the bodyguards of Viktor, the Sheikh, Max Decker and Dalia while in your Suit.','1-02-5535586-57','','',4,'2017-03-19 04:31:46'),(115,37,81,6,'Waiter Hater','Kill 5 Waiters with no restrictions.','1-02-8428800-57','','',5,'2017-03-19 04:33:21'),(120,6,85,6,'Hack the Hackers','Eliminate the five hackers in Colorado with a cleaver. Fairly easy.','','','3-09-8567780-83',5,'2017-03-19 08:43:01'),(121,6,82,6,'Amen','Four targets, a priest disguise and a fiber wire. Likely to take the average player around 10 minutes, but a skilled player can do it in around 7.','1-03-3122546-48','','3-03-8404408-83',4,'2017-03-19 08:45:50'),(122,6,82,6,'THE BUTLER DID IT','A fun puzzle contract with different kill restrictions for each target and a butler disguise requirement. Average time to complete is 5 minutes.','','','3-03-7145516-83',5,'2017-03-19 08:47:19'),(139,50,88,6,'Lullaby 47','Kill 5 people around the school in the Marrakesh at the night. SA SO is possible.','1-07-4020277-47','','',5,'2017-03-19 11:45:29'),(140,50,85,6,'Kruger&#39;s Superiority','Short contract with 4 targets around the demolition range. 3 pistol kills and 1 accident.  SA is possible.','1-09-5318292-47','','',4,'2017-03-19 11:48:03'),(141,50,84,6,'Foul the trail','Kill Jackie Carrington and some people around using pistol, knife and accident. SA is possible.','1-08-1315180-47','','',3,'2017-03-19 11:52:37'),(142,50,84,6,'Foul the trail (Ep.2)','Kill Jackie Carrington, Julian and some people around using pistol, knife and accident. SA is possible.','1-08-4332601-47','','',4,'2017-03-19 11:54:03'),(143,17,81,6,'The Trust Problem','Kill 1 bodyguard with fire','1-02-1694721-41','','',1,'2017-03-19 11:54:25'),(145,17,82,6,'Results of Last Night','as golf teacher. kill 3 people','1-03-8118095-41','','',1,'2017-03-19 11:55:12'),(147,51,81,6,'Enemy of the People','Our client has had enough of the constant fake news being written about them by these so called reporters. Upon realising that they would all be attending the Paris Fashion Show, they decided now was the best time to act. Our client has also expressed admiration for your red tie and is willing to purchase it, and will offer a bonus for each target killed whilst wearing it. Good luck.','','','3-02-5358742-15',3,'2017-03-19 12:00:42'),(148,50,83,6,'It Was an Axeident Military Edition','Kill 5 targets using Old Axe and fortune teller disguise. Tied with challenge  It Was an Axiedent.  SA is possible.','1-06-9665279-47','','',5,'2017-03-19 12:01:49'),(149,50,81,6,'Two in the bush','Eliminate 2 targets using the sniper rifle and suit. SA&#47;SO possible.','1-02-5448984-47','','',2,'2017-03-19 12:26:51'),(150,17,84,6,'Insufficient Tip','kill dexy and wes as waiter. it&#39;s not easy one!','1-08-1329839-41','','',2,'2017-03-19 12:37:19'),(151,22,80,6,'Stay Outside the Fence','You must kill five targets in the airport while taking on an additional restriction. **You must not enter the airport fence.**  Featured contract.','FEATURED','FEATURED','FEATURED',5,'2017-03-19 14:24:01'),(152,52,86,6,'Fiber Optics','','1-10-9136897-43','','',5,'2017-03-19 14:30:14'),(153,62,81,6,'Blah Blah Drug Cartel Cliche Blah Blah','Kill three people in The Showstopper with various things.\r<br>\r<br>Fuck you, I&#39;m not the storyboard director at IO.','1-02-2747590-26','','',3,'2017-03-19 16:13:02'),(158,52,81,6,'Fashion Feud','Eliminate one of Helmut Kruger&#39;s rivals and the bodyguard he payed to put an end to Helmut as he walks the runway at the Paris Sanguine Fashion Show. ','1-02-0339833-43','','',2,'2017-03-19 17:42:27'),(159,22,80,6,'Plywood and Paste','This fake building is a deathtrap.  Kill four targets in the ICA facility with accidents.  A very quick contract if you take stock of the environment.  Featured contract.','FEATURED','FEATURED','FEATURED',4,'2017-03-19 18:30:55'),(160,31,87,6,'47mm Mute Movie','4 pistol eliminations and 1 free kill. No disguise restrictions. Pretty interesting to play with teh car distractions at the beginning and the shop key can be handy along with audio devices or something else.','FEATURED','FEATURED','FEATURED',5,'2017-03-20 02:43:53'),(163,68,80,6,'Shhhh!','Don&#39;t be seen. Kill only the target. No disguises. \r<br>\r<br>Good luck 47.','1-01-1636706-04','','',1,'2017-03-20 09:10:03'),(164,37,86,6,'Seppuku','Kill a guard in Yuki&#39;s room with the Katana while in your Suit.','1-10-1315996-57','','',1,'2017-03-20 13:30:45'),(166,72,81,6,'Drowning in women','Drowning accident of 5 female targets ','','2-02-0498806-36','',5,'2017-03-20 13:48:33'),(167,72,83,6,'The Head of the Snake','Kill Gen. Zayden and his 2 top officers\r<br>\r<br>Suit only\r<br>1 accident\r<br>2 pistol headshots','','02-06-6886814-36','',3,'2017-03-20 13:52:37'),(168,72,86,6,'Starry Night','5 targets\r<br>Ninja Disguise\r<br>Thrown shuriken','','2-10-8428852-36','',5,'2017-03-20 14:05:27'),(169,16,89,6,'People Are Blind (But They Ain&#39;t Deaf)','http:&#47;&#47;i.imgur.com&#47;xpWYXPM.png\n<br>\n<br>Axe two Security Guards in your Suit. Built-in difficulty selection based on whether you plan to do this Suit Only. Masters of distraction shenanigans or object launching should be able to have a field day with this.','1-04-7813892-02','','',2,'2017-03-20 17:32:26'),(171,76,82,6,'The Beldingford Legacy','Spiritual sequel&#47;homage to a classic Hitman mission. Four targets with a disguise restriction for one target to limit starting locations. Featured contract (but not my best work imo)','FEATURED','FEATURED','FEATURED',4,'2017-03-20 20:21:15'),(172,76,82,6,'High Time','Silent Assassin&#47;Suit Only sniper contract\r<br>\r<br>Based on creative thinking and timing to dispose of targets from long range','Featured','Featured','Featured',4,'2017-03-20 20:26:22'),(173,77,80,6,'47 Would be proud','This is my first ever contract it may be short but it&#39;s fun. You have to eliminate four targets including KGB Officer Cilas Netzke,Moses Butusov,Longin Nowakowski and Dorota Gorski Good Luck agents.','','Andrew-starkiller','',4,'2017-03-21 00:18:02'),(174,77,81,6,'Completely Screwed Episode 1','One of six episodes I&#39;ve finished two but more will follow you need to kill all targets using a screwdriver per request for the client.','','Andrew-starkiller','',5,'2017-03-21 00:55:37'),(175,77,82,6,'Completely Screwed Episode 2','Part 2 of completely Screwed a fresh story and fun contract like episode one you will have four targets all to be eliminated with a screw driver aswell. Enjoy ','','Andrew-starkiller','',5,'2017-03-21 00:58:59'),(176,77,81,6,'Break Times Over','It may be short but it sweet and has a compelling back story I hope everyone enjoys it as much as I did. ','','Andrew-starkiller','',3,'2017-03-21 01:03:31'),(177,80,86,6,'Hayashi Case','5 targets. Kill with poison in suit.','1-10-8311239-22','','',5,'2017-03-21 13:36:41'),(178,27,86,6,'Cold Digger','Preview + Briefing:\r<br>http:&#47;&#47;i.imgur.com&#47;iUwPtXs.jpg','1-10-4128258-67','','',4,'2017-03-21 16:48:14'),(179,7,83,6,'Revenge','Take revenge as the prisoner and eliminate Reza and his fellow men','1-06-9043458-00','','',5,'2017-03-22 01:42:09'),(181,5,81,6,'Les Impardonnables','Hunting down a team of ex-mercs, a model and three bodyguards, spread out around the map in hard-to-reach places. Suit-only stealth. Recreated by Fortheseven on PC.','FEATURED','FEATURED','FEATURED',4,'2017-03-22 15:52:29'),(182,5,83,6,'Not Exactly Bulletproof Glass','A sniper suit only contract based around the consulate. Three targets, two in the consulate and one just outside. Fairly simple but good shooting still required.','FEATURED','FEATURED','FEATURED',3,'2017-03-22 17:02:46'),(184,91,81,6,'Live from the Crime Scene',NULL,'FEATURED','FEATURED','FEATURED',5,'2017-03-23 00:00:00'),(185,86,83,6,'The Headshot Master',NULL,'FEATURED','FEATURED','FEATURED',5,'2017-03-23 00:00:00'),(186,86,80,6,'Camp Omega',NULL,'FEATURED','FEATURED','FEATURED',5,'2017-03-23 00:00:00'),(187,32,86,6,'The Motorscalpist',NULL,'FEATURED','FEATURED','FEATURED',5,'2017-03-23 00:00:00'),(188,20,85,6,'Cutting Edge Hacker',NULL,'FEATURED','FEATURED','FEATURED',5,'2017-03-23 00:00:00'),(189,86,82,6,'Sounds of Animals Fighting.',NULL,'FEATURED','FEATURED','FEATURED',4,'2017-03-23 00:00:00'),(190,86,82,6,'Sal Falcone: Enemy of Peace',NULL,'FEATURED','FEATURED','FEATURED',4,'2017-03-23 00:00:00'),(196,16,86,6,'Running Out Of Patients','Accident kill Portman and Dexter as each other. Easier than it looks to do fast, but has a lot of leeway if you take your time.','1-10-2910242-02','','3-10-8384557-05',2,'2017-03-24 15:26:32'),(197,16,82,6,'The Devil&#39;s In Our Expectations','Kill three targets in town with biolab disguises. Routing is the key here; it&#39;s not hard to get any of these kills, it&#39;s just hard to do efficiently.','1-03-4756921-02','','3-03-6063855-05',3,'2017-03-24 15:27:42'),(199,6,82,6,'Creature of the Deep','A remake of one of my older contracts. Three targets with a hazmat&#47;melee restriction.','','','3-03-1175059-83',3,'2017-03-24 18:04:33'),(200,6,84,6,'Sapper Stalker Drummer Spy','A simple-yet-complex contract. Eliminate Abel de Silva with the Sapper&#39;s Axe while disguised as the Stalker.','','','3-08-3684322-83',1,'2017-03-24 18:07:32'),(201,6,86,6,'Bad Case of Killin&#39; You','Fairly simple contract with doctor&#47;pistol kill restriction.','','','3-10-1748199-83',5,'2017-03-24 19:12:37'),(202,20,85,6,'A Variety of Cuts','You only get one chance to show your appreciation to the resident chef and five members of the Special Ops unit having failed will now pay the ultimate price. You must subdue, but not harm, the chef in order to acquire his disguise. This will remove suspicion of his involvement whilst at the same time giving him a sense of being there in the moment. He has carefully selected a blade for each target. Good luck, 47.','','','3-09-1430469-05',5,'2017-03-25 09:47:06'),(203,20,89,6,'Accidentally Killed Myself - Landslide','Five unique targets must accidentally die at their own hands. Good luck, 47.','','','3-04-4355150-05',5,'2017-03-25 09:48:00'),(204,20,82,6,'Accidentally Killed Myself - Sapienza 1','Five unique targets must die at their own hands, so to speak, and all by accident.','','','3-03-4445226-05',5,'2017-03-25 09:48:51'),(205,20,82,6,'Accidentally Killed Myself - Sapienza 2','Five more unique targets that must be killed in an accident whilst wearing their own disguise.','','','3-03-3920814-05',5,'2017-03-25 09:49:29'),(206,20,85,6,'An Accidental Arrangement','Our clients are keen to gain first hand intel into the operations of a competing freelance organisation based in Colorado. They have asked us to arrange for a number of accidents in order to trigger a health and safety audit. With their connections in local government this will provide them with the unlimited access they are seeking.','','','3-09-4126010-05',5,'2017-03-25 09:51:09'),(207,20,82,6,'Cafe Clearout','Despite a generous offer to sell his cafe, Michelle Inversini has refused to accept the deal. All employees of this establishment must be eliminated to send out a strong and clear message to any other small businesses that might consider refusing to accept our client&#39;s original and only offer in future.','','','3-03-3570286-05',5,'2017-03-25 09:52:38'),(208,20,83,6,'Capital Punishment','The old headmaster had high hopes for four of his best students. He taught them to stand up for what is right and is deeply disappointed that they have not spoken out against the recent uprising. Given their lofty ranks within the local regiment they were in a stronger position to act nobly. They have failed. Although the headmaster is too old and weak to serve the discipline himself, he would like you to \"borrow\" his suit and team them on final history lesson with his authentic battle axe.','','','3-06-4588643-05',4,'2017-03-25 09:54:42'),(209,20,83,6,'Cutting The Staff','The termination of the three janitors&#39; contracts has been ordered with immediate effect. Not only do they share striking similarities in appearance, but they are all equally inept at their jobs.','','','3-06-2656253-05',3,'2017-03-25 09:55:59'),(210,20,82,6,'DD - A Pilgrim and a Prostitute','Devious Drownings #5: Sapienza Harbour','','','3-03-9803895-05',2,'2017-03-25 09:56:42'),(211,20,82,6,'DD - A Plumber&#39;s Irony','Devious Drownings #2: Sapienza Sewers','','','3-03-1428090-05',2,'2017-03-25 10:07:26'),(212,20,82,6,'DD - Lab Rats','Devious Drownings #6: Sapienza Labs','','','3-03-8585212-05',2,'2017-03-25 10:08:03'),(213,20,82,6,'DD - Murderous Music','Devious Drownings #4: Sapienza Town Square Tower','','','3-03-8983729-05',2,'2017-03-25 10:08:36'),(214,20,82,6,'DD New Bodyguards Required','Devious Drownings #7: Sapienza - Silvio&#39;s Bodyguards','','','3-03-8291027-05',2,'2017-03-25 10:09:20'),(215,20,82,6,'DD - The Butler Did It!','Devious Drownings #1: Sapienza Mansion','','','3-03-8222366-05',2,'2017-03-25 10:09:43'),(216,20,82,6,'DD - The Follower and That Guy','Devious Drownings #3: Sapienza Main Square','','','3-03-1474762-05',2,'2017-03-25 10:10:11'),(217,20,82,6,'DD - Toilet Training','Devious Drownings #8: ICA Training Facility','','','3-01-0237602-05',2,'2017-03-25 10:10:39'),(218,20,86,6,'Doctors Beware!','Our clients were disappointed to learn that five of their best doctors have recently accepted employment elsewhere. Your professional services have been requested to discourage any other doctors from considering positions at alternative medical centres.','','','3-10-9888427-05',5,'2017-03-25 10:12:07'),(219,20,89,6,'Drop Dead Gorgeous','Giordana Calabresi, the daughter of a wealthy client and a ruthlessly ambitious young model, would like us to help remove five of her closest rivals. She has suggested that the murders can eventually be traced back to a local photographer. She is planning to play the sympathy vote by claiming that she is the lucky survivor of a twisted plot of a serial killer and owes it to her dear friends to show that women should not be discriminated against on the basis of their beauty.','','','3-04-3480278-05',5,'2017-03-25 10:14:20'),(220,20,86,6,'Hittiing A Home Run','Jason Portman and Amos Dexter have become aware of a contract issued against them by the Director. They would like you to hit back and hit hard by making him a victim of his own contract design. They would also like you to take out the corporate lawyer responsible for many of the dark deals he has been involved with.','','','3-10-0307916-05',2,'2017-03-25 10:15:50'),(221,20,82,6,'Justice for Mother Nicoletti','Tristiano might be a grown man now, but Mother Nicoletti does not take kindly to anyone being mean to her boy. Two of his friends never share their fishing rods and the men in suits always tease him about his hat and obsession with ice cream. All four of the bullies must be eliminated.','','','3-03-3054449-05',4,'2017-03-25 10:17:11'),(222,20,86,6,'Losing My Patients With Baseball','The Director has lost patience with the arrogance of two of his VIP patients. Combined with his obsession for the game of baseball he would like two of his patients to \"check out\" early. Good luck, agent.','','','3-10-9835398-05',2,'2017-03-25 10:18:21'),(223,20,84,6,'Machete Stalker  Club 27','When taking out the targets seems too easy there&#39;s nothing like having to use one of the most brutal weapons whilst wearing the most compromised disguise in the level. Good luck, 47. You&#39;re going to need it!','','','3-08-3325288-05',2,'2017-03-25 10:19:28'),(224,20,87,6,'Movie Murder Mayhem','The son of a wealthy client is currently working on set with the movie icon, Dino Bosco. Being a mere movie crew member he has been made to feel unhappy in his job. Your job is to restore his happiness with a little poetic justice. Kill a cop with a pistol, a special FX member with explosives, a chef with poison, and the star of the show by a blade, all whilst disguised as a movie crew member. Happy hunting, 47.','FEATURED','FEATURED','FEATURED',4,'2017-03-25 10:21:31'),(225,20,86,6,'Nursing a Grudge','Chief surgeon, Dr. Laurent, suffers more than just substance abuse issues. Being an immensely proud man he does not handle rejection well and repeated attempts to charm two of his female colleagues has always ended in humiliation. Haruro Nakamoto has never had such problems and constantly lets Nicolas know. Your contract is to put an end to this daily torment.','FEATURED','FEATURED','FEATURED',3,'2017-03-25 10:23:34'),(226,20,85,6,'Pistol Punisher - Colorado','Our clients require you to penetrate the heart of operations of one of their rival organisations in Colorado and take out five elite military personnel. Paying top money they have requested the services of you, The Pistol Punisher. Good luck, agent.','FEATURED','FEATURED','FEATURED',5,'2017-03-25 10:24:57'),(227,20,82,6,'Pistol Punisher - Sapienza Labs','The elimination of the security personnel at Sapienza ruins went down well with our clients. They have requested the services of The Pistol Punisher again, but to complete a far more challenging assignment this time. You must infiltrate the high security labs in Sapienza and eliminate four top ranking virologists. Good luck, agent.','','','3-03-9363553-05',4,'2017-03-25 10:27:05'),(228,20,82,6,'Pistol Punisher - Sapienza Ruins','The Sapienza ruins represents a well guarded and fortified gateway to the mansion. The Pistol Punisher&#39;s services are required to show that even where they feel the strongest they are vulnerable. Good luck, agent.','','','3-03-6440342-05',5,'2017-03-25 10:28:26'),(229,20,82,6,'Plague Removal','Chef Marcello Ray has become weary of lazy and incompetent workers in his kitchen. He views these sub-standard attitudes to his profession as an infection that needs to be dealt with. He requires the discrete work of The Plague Doctor to remove permanently three targets.','','','3-03-6972931-05',3,'2017-03-25 10:29:55'),(230,20,85,6,'Pointless Men','With the latest pointman following in a long line of careless special operatives who have injured themselves at critical moments just before a major operation, it is time to eliminate the five weakest links. It is also quite fitting that accident prone men should meet their end in fatal accidents. Good luck, 47.','','','3-09-5199214-05',5,'2017-03-25 10:31:25'),(231,20,83,6,'Prisoner&#39;s Revenge','Kill the two primary targets... as the prisoner!','','','3-06-2338713-05',2,'2017-03-25 10:32:03'),(232,20,86,6,'Pruning The Garden - Hokkaido','The GAMA institution in Japan is renowned for its peaceful Winter garden. Our client complains that it is simply not possible to enjoy the beautiful serenity with the unsightly presence of common workers and security guards. You have been asked to discreetly remove the \"weeds\" from the gardens.','','','3-10-6971931-05',5,'2017-03-25 13:07:48'),(233,20,82,6,'Pruning The Garden - Sapienza Mansion','More employee terminations are required, but like the petals on a beautiful rose, this operation is slightly more delicate. You will need to go undercover and ensure that only the dead wood is removed. As they say, every rose has its thorn.','','','3-03-8730239-05',4,'2017-03-25 13:09:32'),(234,20,82,6,'Pruning The Garden - Sapienza Churchyard','Our client loves a beautiful garden. Who doesn&#39;t? These three worthless workers simply aren&#39;t up to the job. The unions make it nearly impossible to terminate employment, so your services are required to provide employee termination.','','','3-03-9705436-05',3,'2017-03-25 13:11:09'),(235,20,89,6,'Silence Is Golden','One of our clients has decided to take a short vacation in the peaceful town of Sapienza. Unfortunately her break has coincided with a local political campaign, which includes all manner of tacky and unwelcomed entertainment. In particular, the disturbing sounds of a musical trio can be heard all around the town. She would like us to put and end to this cacophony before sunset.','FEATURED','FEATURED','FEATURED',3,'2017-03-25 13:14:00'),(236,20,85,6,'Smoking Kills - Colorado','All five targets, one from each faction, have a dangerous addition in common. With careful planning it could literally be the death of them.','','','3-09-3240452-05',5,'2017-03-25 13:15:10'),(237,20,84,6,'Super Enforcers - Bangkok','Equipped with perfect knowledge of every employee working in the hotel these targets will present a significant challenge for anyone undercover.','','','3-08-5538654-05',3,'2017-03-25 13:16:08'),(238,20,83,6,'The Three Racketeers','Three corrupt soldiers have been terrorising and extorting money from local street vendors. You have been asked to remove these military menaces by whatever means. Good luck, 47.','','','3-06-5872431-05',3,'2017-03-25 13:17:10'),(239,20,82,6,'Too Many Questions','These four scientists are always sticking their noses in where they don&#39;t belong and have already asked too many questions. They need to be \"removed\" from the labs within 48 hours. They are going to be tricky targets because they are hyper-alert and will spot anyone out of place. Good luck, 47.','','','3-03-4754168-05',4,'2017-03-25 13:18:29'),(240,20,84,6,'Valentinian Heresies - Fidelity Matters','An obscure Gnostic cult has requested our services to deal with a number of its wayward members. The group hold to a collection of high values, one of which is the unbroken bond between partners. A number of members have been unfaithful in their sacred union. Four of the targets are currently staying at the Himmapan hotel in Bangkok. You have been cleared to eliminate each target as clearly as possible. Good hunting, 47.','','','3-08-1926588-05',4,'2017-03-25 13:20:51'),(241,20,83,6,'Valentinian Heresies 2 - Licentiousness','Three more targets have been passed on to us by the cult. They are located in Marrakesh, Morocco. In our trade a contract is a contract, but something is not quite sitting right. We will be looking into this. In the meantime, you are cleared to engage. Good hunting, 47.','','','3-06-4855703-05',3,'2017-03-25 13:22:09'),(242,20,81,6,'When Looks Can Kill','Sir Humphrey is the handler for two deadly assassins who are currently in place in Paris to eliminate two targets. Unfortunately those targets are key assets for one of our major clients. It is imperative that we send a strong message to any organisations who attempt to come into conflict with our interests. So without attracting the attention of the local authorities we would like our involvement to be loud and clear. We will leave the methods in your capable hands. Good luck, agent.','','','3-02-9674710-05',3,'2017-03-25 13:24:15'),(243,94,85,6,'To many Medevacs','All about Accidents and Medevacs','1-09-7707546-83','','',5,'2017-03-25 15:41:05'),(244,16,89,6,'Fun & Interactive','http:&#47;&#47;i.imgur.com&#47;r6rntVa.png\r<br>\r<br>Create five accidents on Landslide while only using interact prompts. Remember to follow the rules!','1-04-1469400-02','','',5,'2017-03-25 18:47:51'),(245,16,82,6,'Local Doctor Expands Knife Collection','http:&#47;&#47;i.imgur.com&#47;Wh41HTP.png\r<br>\r<br>Throw three knives that AREN&#39;T the Circumcision or Amputation Knife at three scientists as a Plague Doctor.','1-03-3080795-02','','',3,'2017-03-26 02:44:56'),(246,16,86,6,'Amaterasu Ascending','http:&#47;&#47;i.imgur.com&#47;nCwZVqK.png\r<br>\r<br>Take out five tricky targets as a ninja. Will you rise to the challenge?','1-10-6502264-02','','',5,'2017-03-26 02:45:27'),(247,95,81,6,'New Russian Twins','http:&#47;&#47;i.imgur.com&#47;TB2hKX6.jpg\r<br>\r<br>A contract has been issued 47, and you have been cleared to engage. Your targets are twin sisters Irina and Alex Vladimir, daughters of Russian oligarch Vladislav Vladimir.\r<br>\r<br>The twins are making a name for themselves within the fashion industry and with their father backing them up financially, there is nothing stopping them from taking the whole industry by storm.\r<br>\r<br>Our client doesn&#39;t want that to happen 47, you know what yo','FEATURED','FEATURED','FEATURED',2,'2017-03-26 04:34:20'),(248,95,82,6,'Franchi Tiratori','In Italian politics, deputies who vote against their own party under the cover of a secret ballot are called snipers (Franchi Tiratori).\r<br>\r<br>Two months ago, parliament was set to vote and approve a bill that would had given various privately held companies access to billions in government funds but a \"sniper\" struck and now the bill is dead.\r<br>\r<br>The targets are deputy Salvatore Lemma and his son, who&#39;s about to enter politics.\r<br>\r<br>Our client wants to send a message, use a snip','','2-03-1738725-77','',2,'2017-03-26 04:36:45'),(249,95,83,6,'Midnight Express','Three local merchants are experts at finding young, naive foreign students who they trick into smuggling hashish and opium inside lamps and rolled up rugs. They work for the local drug queen, Khair al Din Yusef Sarkis.\r<br>The Swedish embassy tries to help the victims but their efforts are thwarted by the head of security, Hilda Berg, who has a close relationship with the drug queen.\r<br>Eliminated all targets 47, good luck!','','2-06-5628182-77','',5,'2017-03-26 04:39:17'),(250,95,84,6,'The Clean-up Crew','Security at the Himmapan contracted an outside clean up crew to do some \"spring cleaning\" in room 102. Our client has no interest on what happened in that room, he just wants this particular clean-up crew eliminated.\r<br>\r<br>They \"crew\" are expecting hotel security personnel to drop by to check on their progress.\r<br>\r<br>The ICA wanted this crew for their Asia operations but intel pointed to them being unreliable. I guess intel was right.\r<br>\r<br>Good luck 47!','','2-08-8485221-77','',4,'2017-03-26 04:41:21'),(251,95,85,6,'Professional Saboteurs','Last year American formula 1 racing champion Duca Angleton died in a fiery crash at the Formula 1 Abu Dhabi Grand Prix.\r<br>\r<br>Initial investigations pointed towards an accident, but a private one requested by his father, anti-gun lobbyist and former secretary of defense Talen Angleton discovered it wasn&#39;t.\r<br>\r<br>The formula 1 vehicle was sabotage by two professional, highly trained mechanics and an automotive computer specialist all members of the Patriotic Apricot militia.\r<br>\r<br>Ta','','2-09-4380092-77','',3,'2017-03-26 04:43:04'),(252,95,87,6,'The Smut Peddlers','Davide Rizzo and Primo Rossi are the founders and CEO&#39;s of \"R&R Mondo Xtertainment\", an Italian adult film company.\r<br>\r<br>Knowing that movie star Dino Bosco&#39;s career is on the ropes, they are trying to convince him into starring in one of their films.\r<br>\r<br>But that&#39;s not the reason for the contract 47. Mr. Rizzo and Mr. Rossi are also involved in the production and distribution of snuff films involving young girls from overseas, victims of human trafficking.\r<br>\r<br>Eliminate','','2-05-7077544-77','',2,'2017-03-26 04:45:34'),(256,20,86,6,'Valentinian Heresies 3 - Cain&#39;s Crusade','Our suspicions were right, 47. We have learned that the four members of the cult, who requested the previous contracts. were under the misguided notion that eliminating certain male members from the group would \"improve their chances with the ladies\". Senior leaders of the cult, and long standing clients, have become aware of our involvement. They find it fitting that we become their strong arm of justice and have sanctioned the immediately removal of these rogue members. Good hunting, 47.','','','3-10-1264018-05',4,'2017-03-28 13:41:38'),(257,95,84,6,'Unwilling Donors','Dr. Jones Yama is incharge of an illegal organ trafficking operation working out of Bangkok, Thailand that supplies the needs of the rich and powerful that seek treatment at the GAMA private hospital in Hokkaido, Japan.\r<br>\r<br>He works with a local thug who finds the \"donors\" for the doctor to operate on, most of the time by force.\r<br>\r<br>Eliminate both targets 47, good luck!','','2-08-2748844-77','',2,'2017-03-28 14:37:40'),(258,27,87,6,'Sunglasses At Night','Preview + Briefing: \r<br>http:&#47;&#47;i.imgur.com&#47;qAGgCZJ.jpg','FEATURED','FEATURED','FEATURED',5,'2017-03-28 16:15:40'),(259,25,86,6,'Love and Riches','Good evening, 47.  Kii Ine has spent his whole life working hard to reach the kind of position that he found at GAMA, and has a sizeable life insurance premium to go with it.\r<br>\r<br>Our client wants him and his mistress eliminated by strangulation.  Good hunting.','','2-10-6225043-23','',2,'2017-03-29 14:29:21'),(260,25,84,6,'The Hostel Complication - Part I','Good evening, 47. The ICA has been tasked with eliminating key members of &#39;Human International&#39;, an organized sex-trafficking ring that caters to wealthy clients with a taste for depravity, cruelty and bloodsport.\r<br>\r<br>Our first two targets have reservations at Thailand&#39;s Himmapan Resort, and we have reason to believe that they plan to scout for potential victims during their two-night stay. Good hunting.','','2-08-5947366-23','',2,'2017-03-29 14:47:14'),(261,25,82,6,'The Hostel Complication - Part II','Good afternoon, 47. Our client has pointed us towards the sunny town of Sapienza, where three Human International members are scheduled for a nighttime meeting with one of the church&#39;s staff.\r<br>\r<br>We believe that Andrea Penca intends to sell children associated with the sunday choir, we must prevent this meeting from taking place and eliminate Penca in the process. Be discreet 47, and good hunting.','','2-03-7404128-23','',4,'2017-03-29 14:47:58'),(262,25,88,6,'The Hostel Complication - Part III','Your actions in Italy and Thailand seem to have rattled the hornet&#39;s nest. Vincenz Senten, one of Human international&#39;s \"big three\", is personally making a deal with corrupt property-manager Nimr &#39;Arif Bahar.\r<br>\r<br>According to our client, Vincenz is working to establish a new operation in Morocco out of recent concern for the organization&#39;s general safety. Intel has indicated that Senten will not arrive until he receives the go-ahead from Faarooq, his eyes-on-the-ground opera','','2-07-2148353-23','',3,'2017-03-29 14:49:07'),(263,25,86,6,'The Hostel Complication - Part IV','Good evening, 47. The last remaining figureheads of Human International have been scrambled by the loss of Vincenz Senten in Morocco, and have gone into hiding at the GAMA private hospital and resort. They are not anticipating an attack, and will presumably be indulging in the resort&#39;s fine pleasures.\r<br>\r<br>I&#39;ll leave you to your work. Our client has left us with a personal message regarding this contract,\r<br>\r<br>\"Make them bleed, for my sister.\"','','2-10-5937433-23','',2,'2017-03-29 14:49:48'),(264,67,86,6,'Copyright Issues','Scalpel contract inspired by a conversation in the GAMA restaurant.','FEATURED','FEATURED','FEATURED',5,'2017-03-30 05:58:41'),(265,67,89,6,'Pump Fiction','Caruso orders a Tarantino-esque hit on the ICA security. Grab a shotty, get busy.','FEATURED','FEATURED','FEATURED',5,'2017-03-30 06:00:59'),(266,67,86,6,'Nails in the Coffin','Shotgun contract. Gardener wants Nails and his entourage removed from the facility.','','','3-10-6691810-88',5,'2017-03-30 06:03:24'),(267,67,81,6,'Auction House Blues','Open contract, Red vs. Blue. The Palace Staff want revenge on the haughty Auction Staff in Paris.','','',' 3-02-1473434-88',5,'2017-03-30 06:07:12'),(268,67,84,6,'The Class of 27','Accident contract. Jordan is not happy with his birthday cake. He wants some of the crew to take a dive. ','','','3-08-9584312-88',4,'2017-03-30 06:09:30'),(269,67,84,6,'The Sapper Stalker','Difficult Stalker disguise contract. Stalk Hotel Security in the basement of the Himmapan with the Sapper&#39;s Axe.\r<br>','','','3-08-1094815-88',5,'2017-03-30 06:16:01'),(270,67,86,6,'The Sapporo Shakedown (Part 1): The Foul Line','Tough Hokkaido contract. Take out blackmailing security with a Katana as the Baseball player.','','','3-10-4903027-88',5,'2017-03-30 06:19:15'),(271,67,86,6,'The Sapporo Shakedown (Part 2): The Diamond','Very tough second part to this tale of baseball corruption: 4 katana kills on the security around Yuki&#39;s room, as the baseball player.','','','3-10-1896988-88 ',4,'2017-03-30 06:21:57'),(272,67,86,6,'The Sapporo Shakedown (Pt 3): Postscript','Conclusion to the 3-part mini-series.','','','3-10-7290246-88',1,'2017-03-30 06:23:15'),(273,67,89,6,'Axe-IO-matiC','Cogito ergo axe: fun axe contract, based around the sewer&#47;church area of the Landslide map.','','','3-04-0778937-88',5,'2017-03-30 06:26:00'),(274,67,89,6,'The Jingles Redemption','Open contract. Jingles has been a naughty boy, and needs some help removing the Church Staff from Sapienza.','','','3-04-0899791-88',5,'2017-03-30 06:27:58'),(275,67,86,6,'The Last Fugu','Open contract based around a conversation overheard in the staff canteen in Hokkaido.','','','3-10-4301658-88',5,'2017-03-30 06:31:03'),(276,67,86,6,'Mirror Mirror','Fairly easy &#39;puzzle&#39; requiring 4 disguises and 4 kills with explosive devices.','FEATURED','FEATURED','FEATURED',4,'2017-03-30 06:33:39'),(277,27,86,6,'Five Shades Of White','Easy one. Kill five patients who are almost begging to be lured around the corner and violently strangled. But  there might occur a little problem for speedrunners to solve. Have Fun!','1-10-1358276-67','','',5,'2017-03-30 12:36:16'),(278,28,81,6,'Sheikh and his friends','Kill Sheikh, his bodyguard, Dalia and Helmut in your disguise. No weapon restrictions. He is like a Greek god or something.','1-02-5394176-57','','',4,'2017-03-30 15:01:47'),(279,20,82,6,'Valentinian Heresies 4 - Seth&#39;s Seed','Senior members of the cult have just advised us that, upon reflection, the four rogue members should not have had access to the kind of funds necessary to afford our services, nor did any of them possess the intellect to mastermind the operation. They have once again been helpful in identifying three key members who they believe are responsible: the beauty, the manipulator of minds, and the man with the money. They have asked us to engage and eliminate the three targets. Good hunting, 47.','','','3-03-6141320-05',3,'2017-03-30 15:43:20'),(280,38,81,6,'Scarred Guards','3 bodyguards, 3 accidents, all in the suit. Took me 7 minutes for SA in the first run.','','','3-02-2737379-96',3,'2017-03-30 19:52:11'),(281,16,89,6,'Newton&#39;s Appeal','Kill Abiatti any which way, Bravuomo with a Falling Object, and his office assistant with a Fall. Liberal application of Newtonian physics may be necessary.','1-04-0557647-02','','',3,'2017-03-30 20:24:49'),(282,13,81,6,'Get The Point','Tren Po\r<br>\r<br>Thrown Weapon, Any Disguise.','1-02-4578043-57','2-02-7254326-51','',1,'2017-03-31 16:57:13'),(283,13,81,6,'The Yayo, the Winch and the Wardrobe','2 Simple Targets\r<br>\r<br>Any Method, Any Disguise','1-02-6168232-04','2-02-6011113-51','3-02-8897091-05',2,'2017-03-31 17:06:55'),(284,52,81,6,'Turning Heads','Kill Sebastian Sato, Viktor Novikov, and a reporter as well as her camera man disguised as Helmut Kruger. Do so while also unarmed.  ','1-02-8306161-43','','',4,'2017-03-31 17:19:05'),(285,52,82,6,'A Brother&#39;s Feud','','1-03-9448624-43','','',2,'2017-03-31 17:20:14'),(286,13,81,6,'The Third Base','3 Simple Targets\r<br>\r<br>1 Lethal Melee, 1 Poison Kill, 1 Explosive Kill - Suit Restriction.','','2-02-8151377-51','',3,'2017-03-31 18:19:25'),(287,13,85,6,'Smokin&#39; Navarro','Any Weapon, Any Disguise.','','2-09-7210011-51','',1,'2017-03-31 19:41:52'),(288,13,81,6,'Keeping Quiet','Any Weapon, Any Disguise.\r<br>\r<br>One of the Targets is Sir Humphrey Titus Rutherford - one of the guests near Dalia&#39;s drink.','','2-02-3994126-51','',4,'2017-03-31 20:00:14'),(289,13,88,6,'The &#39;Hatch&#39; Phantasm','Any Weapon, Any Disguise.\r<br>\r<br>See post on HMF for intel:\r<br>\r<br>http:&#47;&#47;www.hitmanforum.com&#47;t&#47;hitmanforum-member-contracts&#47;4433&#47;1435','','2-07-3491591-51','',3,'2017-03-31 20:02:16'),(290,13,82,6,'Amarcord Assassination','There are 2 poison kills and 1 Fiber Wire kill which means your inventory is filled and leaves no room for other useful items. The contract is not difficult.','','2-03-3245494-51','',5,'2017-03-31 20:13:01'),(291,13,81,6,'Assaulted Guards','Assault Rifle - Suit Restriction\r<br>\r<br>The 4 guards by the shed with the large ICA pickup inside.','','2-02-6906298-51','',4,'2017-03-31 20:18:14'),(292,13,83,6,'Pistol Menace','','FEATURED','FEATURED','FEATURED',5,'2017-03-31 20:26:44'),(293,106,84,6,'the killers part 1','',' 1-08-8095341-67','','',4,'2017-04-01 05:11:11'),(294,16,83,6,'Irreconcilable Distances','http:&#47;&#47;i.imgur.com&#47;TzCKPAW.png\r<br>\r<br>Freeform contract. Kill two ladies and two soldiers, spread across the bazaar area, in any manner.','1-06-6499558-02','','',4,'2017-04-01 12:46:05'),(295,111,83,6,'Stop The Interview','Sniper contract. Take out Strandberg and the GNN crew; also get rid of the freelance cameraman just to be sure. My first contract! ...Strandberg was harder to mark than he is to shoot. ;-)','1-06-7241183-01','','',4,'2017-04-01 14:42:19'),(296,16,89,6,'I Kinda Run This Town, Y&#39;know','http:&#47;&#47;i.imgur.com&#47;pXFc7zv.png\r<br>\r<br>Kill one of the stall vendors in the town square with a Pistol Elimination. Preferably without getting seen by the entire marketplace.','1-04-7458555-02','','',1,'2017-04-01 15:04:37'),(297,16,89,6,'The Carriage of Justice','http:&#47;&#47;i.imgur.com&#47;B8E4Koo.png\r<br>\r<br>Take out a civilian, two policement, and a bodyguard in your suit. Any method is fine for all kills but there&#39;s an obvious set of thematic kills that should become clear once the targets are scouted.','1-04-3350320-02','','',4,'2017-04-01 19:19:34'),(298,27,83,6,'Tunnel Snakes Rule!','Preview + Briefing: \r<br>https:&#47;&#47;i.imgur.com&#47;Th7DKDC.jpg','FEATURED','FEATURED','FEATURED',5,'2017-04-02 08:19:44'),(299,112,86,6,'Hitman: Liquidation','A father seeks revenge for his son&#39;s fugu poisoning. Eliminate the VIP guests and staff at Gama Hospital. ','','','3-10-1682757-78',4,'2017-04-03 01:35:56'),(300,112,82,6,'Madness','Madness, as you know, is like gravity. All it takes is a little push.','','','3-03-3427250-78',5,'2017-04-03 01:37:41'),(301,112,81,6,'End of the Line','A rival fashion company wishes to put Sanguine out of business. Eliminate their powerhouse trio.','','','3-02-7384929-78',3,'2017-04-03 01:40:02'),(302,112,83,6,'Internal Affairs','Avenge one of Erik Olander&#39;s former interns by silencing the men who abused her.','','',' 3-06-6525304-78',3,'2017-04-03 01:45:20'),(303,112,83,6,'Corporal Punishment','Fellow conspirators have been sentenced to death by firing squad. Make it happen.','','','3-06-9163918-78',3,'2017-04-03 01:47:40'),(304,112,82,6,'The Oppenheimer Legacy','\"I am become death, destroyer of worlds.\"\r<br>\r<br>A featured contract of mine.','FEATURED','FEATURED','FEATURED',4,'2017-04-03 01:49:19'),(305,16,84,6,'Ordering In','http:&#47;&#47;i.imgur.com&#47;iSl5AlU.png\r<br>\r<br> Sick of going after targets? Me too. It&#39;s time something was done about it. It&#39;s time 47 got to chill and relax while the targets do the work for a change. ','1-08-7734735-02','','',3,'2017-04-03 18:20:22'),(306,112,84,6,'Basement Killing','Pay homage to an old loading screen by taking out the targets with a fire axe, in your suit.','FEATURED','FEATURED','FEATURED',4,'2017-04-03 20:03:43'),(307,37,86,6,'Shotgun Man 3000','Kill 5 people with a Shotgun while in your suit.','1-10-8093922-57','','',5,'2017-04-05 01:20:39'),(308,16,85,6,'Script Kiddie','http:&#47;&#47;i.imgur.com&#47;6fmeEC6.png\r<br>\r<br>Channel your inner Counter-Striker and snipe five dudes as a Hacker. Remember to bunnyhop, only go for 360 noscope headshots, and never use your sniper rifle at its intended range (because that&#39;s for scrubs).','1-09-7416495-02','','',5,'2017-04-05 01:27:08'),(309,16,84,6,'Remember Wen?','http:&#47;&#47;i.imgur.com&#47;V7QSekX.png\r<br>\r<br>Poison the Hotel Manager and two Chefs. Either method is fine.','1-08-5656408-02','','',3,'2017-04-05 01:27:59'),(310,27,89,6,'The Propaneur','Special condition: start with the Custom 5mm pistol!\r<br>\r<br>Preview + Briefing: \r<br>https:&#47;&#47;i.imgur.com&#47;ATgFMUn.jpg','1-04-1989758-67','','',5,'2017-04-05 07:10:33'),(311,20,81,6,'Valentinian Heresies 5 - Abel Absolved','Like a series of Russian dolls one agenda is found within another. It was always suspicious how easily the senior members of the cult continued to stumbled on new information. It seems the there is some deeper conspiracy and we have been played. We suspect Providence. Your task is to remove the four senior members of the cult, which should send a warning shot across the bow of their supposedly unsinkable vessel. In the meantime we shall continue to investigate. Good hunting, 47.','','','3-02-1452448-05',4,'2017-04-05 08:27:40'),(312,114,83,6,'The Megalomaniacs','It&#39;s about 3 UNIQUE NPCs with the face covered with bandanas and you must take them out silently to avoid chaos and panic to what is an already hostile environment. \r<br>\r<br>Ideal approach is to set time limit to 15 minutes and do the run blind. ','','2-06-8705929-99','',3,'2017-04-05 09:23:08'),(313,114,85,6,'Parvati knows everything','Must take out the point man in suit then take out 3 guys with the point man disguise. \r<br>\r<br>Any method for kill condition. \r<br>Xbox version remade by Euler13. ','','2-09-2445652-99','3-09-9466047-05',1,'2017-04-05 22:20:32'),(314,114,82,6,'Consequences & Repercussions','PS4 speedrun puzzle contract. \r<br>Very strict kill conditions in suit only run. \r<br>Can you get sub 4mins? \r<br>\r<br>Xbox one version recreated by Euler13. ','','2-03-7448756-99','3-03-8105619-05',5,'2017-04-06 02:01:58'),(315,115,86,6,'Ninja Nerfed','The yoga instructor at Gama has contacted us to eliminate the top 5 players of the staff&#39;s little competitive dancing game. The top 5 for the game&#39;s leaderboard call the yoga instructor trash like his yoga move that gave him a bum leg. As a result, our client has requested to kill the targets while dressed up as one of the ninjas from the game while showing them some sick katana dance moves.','','2-10-8953610-43','',5,'2017-04-06 13:59:56'),(316,20,85,6,'Valentinian Heresies 6 - Hidden Refuge','It seems that seven of the previous targets had no connections with Providence. We were quite baffled until a group claiming to be the real Valentinians contacted us and pointed out that the maiden names of the two female targets were Eddington and DeSanto. The first letter of all their last names spells HERALDS. We don&#39;t know if they are reaching out an olive branch of friendship or they are sending us into a storm, but they have asked us to eliminate three key targets. Good hunting, 47.','','','3-09-4561351-05',3,'2017-04-07 09:53:58'),(317,86,82,6,'Road to Ruin',NULL,'FEATURED','FEATURED','FEATURED',5,'2017-04-07 00:00:00'),(318,86,81,6,'The Heist Stopper',NULL,'FEATURED','FEATURED','FEATURED',5,'2017-04-07 00:00:00'),(319,86,81,6,'A Hard Bargain',NULL,'FEATURED','FEATURED','FEATURED',1,'2017-04-07 00:00:00'),(320,86,87,6,'NARC',NULL,'FEATURED','FEATURED','FEATURED',3,'2017-04-07 00:00:00'),(321,5,86,6,'Ghost in the Machine',NULL,'FEATURED','FEATURED','FEATURED',5,'2017-04-07 00:00:00'),(322,86,84,6,'Nothing personal just business',NULL,'FEATURED','FEATURED','FEATURED',2,'2017-04-07 00:00:00'),(323,134,82,6,'BALDerdash!!!','Good morning, 47. Our client, Nazareno Dimario, has contracted services to alleviate a problem facing his business. Owner of the lone hair salon in town, he has seen a drop in male customers which he blames on the popularity of bald fashion model Helmut Kruger. You&#39;re to don the costume of the local mime and take out four men of stature & strength with scissors as well as Rocco because ... well, he&#39;s Rocco. Hopefully the fear of a clown serial killer murdering bald men will correct thing','FEATURED','FEATURED','3-03-2053246-89',5,'2017-04-07 00:00:00'),(324,119,84,6,'Bellum Pestilencia #1: Eyes of IAGO','The first in an 8-part series of contracts with a custom story and plot. Your client, Lockley, has heard rumours of a terrorist group planning an attack at the Himmapan Hotel.','','','',2,'2017-04-08 17:14:30'),(325,119,82,6,'Bellum Pestilencia #2: Crossfire','The second in an 8-part series of contracts with a custom story and plot. You&#39;ve found an Ether employee who has been recruited into the terrorist ranks.','','','???',2,'2017-04-08 17:15:50'),(326,119,81,6,'Bellum Pestilencia #3: Head on a Platter','The third in an 8-part series of contracts with a custom story and plot. After last months hit in Italy, there have been repercussions for the Agency. It&#39;s time to show IAGO that we are not to be trifled with.','','','???',3,'2017-04-08 17:17:19'),(327,119,83,6,'Bellum Pestilencia #4: Illumination','The fourth in an 8-part series of contracts with a custom story and plot. Locksley and the ICA did some digging, and found files on operatives working in this group. They also found that it is not a terrorist group, but a super organisation made from IAGO, the remaining fragments of the Franchise and a group called the Keepers.','','','???',3,'2017-04-08 17:19:28'),(328,119,89,6,'Bellum Pestilencia #5: Old Enemies','The fifth in an 8-part series of contracts with a custom story and plot. That file has proved to be more than a little useful. Three Franchise operatives, a spy, a mercenary and the abductor. Be careful, the mercenary is armed and dangerous.','','','???',3,'2017-04-08 17:24:10'),(329,119,85,6,'Bellum Pestilencia #6: Culling of Kings','The sixth in an 8-part series of contracts with a custom story and plot. This is war. IAGO is running scared, the Keepers are in hiding and here we have the Franchise&#39;s leader, Aaron Collier. Happy hunting.','','','???',2,'2017-04-08 17:26:21'),(330,119,84,6,'Bellum Pestilence #7: End of the Road','The seventh and pen-ultimate in an 8-part series of contracts with a custom story and plot. Locksley was right, the Keepers&#39; attack is going ahead. You will need to eliminate the men involved, and put a stop to Operation Bellum Pestilencia before it&#39;s even really begun.','','','???',3,'2017-04-08 17:28:03'),(331,119,86,6,'Bellum Pestilence #8: A Bitter Taste','The last part in an 8-part series of contracts with a custom story and plot. With the loss of their allies, the Keepers have gotten sloppy. They&#39;re in Japan. It&#39;s time to finish this.','','','???',3,'2017-04-08 17:30:42'),(332,95,82,6,'Franchi Tiratori','In Italian politics, deputies who vote against their own party under the cover of a secret ballot are called snipers (Franchi Tiratori).\r<br>\r<br>Two months ago, parliament was set to vote and approve a bill that would had given various privately held companies access to billions in government funds but a \"sniper\" struck and now the bill is dead.\r<br>\r<br>The targets are deputy Salvatore Lemma and his son, who&#39;s about to enter politics.\r<br>\r<br>Our client wants to send a message, use a snip','','2-03-1738725-77','',2,'2017-04-09 05:33:40'),(333,95,83,6,'Art and Antiques','Andreana Corey is an art and antiques dealer that owns several art galleries and antique shops located across mayor US cities.\r<br>Lulwa Arij Tannous is the daughter of a wealthy Jordanian industrialist and an avid art and antiques collector with lots of money to spend.\r<br>They are both in Marrakesh to participate in a secret auction were very valuable pieces will be sold to the highest bidder.\r<br>Our client doesn&#39;t want them to make it to the auction.','','2-06-2103416-77','',2,'2017-04-09 05:35:18'),(334,95,85,6,'Inside Job','A Colorado bases militia is on the last planning stages of a bank robbery but a high-ranking militia member doesn&#39;t want it to happen.\r<br>He has enough power within the organization to call it off but he doesn&#39;t want others to become suspicious. The client has information stored inside the banks vault that he doesn&#39;t want the militia to obtain or learn about.\r<br>Eliminate the hacker, getaway driver, safecracker and the muscle.','','2-09-6403166-77','',5,'2017-04-09 05:38:11'),(335,5,89,6,'The Downfall of Delle Marche','A 1-target contract where you must kill the pianist in the band with a fall in your suit. Puzzling and simple.','','','3-04-2767650-41',1,'2017-04-09 07:11:28'),(336,120,84,6,'A Gamers Four Favors','','FEATURED','FEATURED','FEATURED',4,'2017-04-09 07:56:34'),(337,120,86,6,'The Domino Effect','','FEATURED','FEATURED','FEATURED',2,'2017-04-09 07:57:49'),(338,120,83,6,'Moose&#39;s Revenge','','','2-06-5064311-39','',5,'2017-04-09 08:00:42'),(341,27,83,6,'La Femme Fatale','Preview + Briefing:\r<br>https:&#47;&#47;i.imgur.com&#47;O5TSb6y.jpg','1-06-3723831-67','','',4,'2017-04-09 14:15:24'),(342,16,80,6,'The Rooftop Shuffle','http:&#47;&#47;i.imgur.com&#47;x3WcrpC.png\r<br>\r<br> Easy Fiber Wire contract for four soldiers on the roof of the airport. The only real trick is getting up there quickly.','1-01-4817487-02','','',4,'2017-04-09 18:50:12'),(343,16,80,6,'We&#39;re Everywhere','http:&#47;&#47;i.imgur.com&#47;EakKvO4.png\r<br>\r<br> Take out three guards with an assault rifle. As this is The Final Test, you&#39;ll have to find one, and it&#39;s not going to be suppressed. Also these guys have friends covering their positions. Masterful distractions and surgical precision will be required.','1-01-8142949-02','','',3,'2017-04-09 18:50:47'),(344,16,84,6,'The Lion Sleeps Tonight','http:&#47;&#47;i.imgur.com&#47;1JDoUPU.png\r<br>\r<br>Shoot one guy with a shotgun. Easy, right? As a bonus, doing this contract will guarantee you the Looking Into The Distance challenge!','1-08-1648192-02','','',1,'2017-04-10 05:27:56'),(345,22,84,6,'The Bob Job','Mrs. Mookjai, the hotel manager, is followed around by a staff member named Bob.  Snipe Bob while wearing the stalker&#39;s outfit.','1-08-8191131-68','','',1,'2017-04-10 05:40:54'),(346,114,81,6,'Goons at the Pavilion','5 Guards in the Pavilion and must kill them with an accident explosion while in Suit Only. \r<br>\r<br>(Title inspired by featured contract &#39;Goons in the Garden&#39;)','','2-02-6848889-99','',5,'2017-04-10 07:47:47'),(347,114,82,6,'An AXE To Grind','2 jokers keep making prank calls to the fire department and fooling them that there are on going fires happening but when they arrive, nothing has happened. Take these 2 jokers out with a little poetic justice - The Fire Axe.','','2-03-4367236-99','',2,'2017-04-10 07:51:00'),(348,6,86,6,'Prank Call','Five assorted targets in Hokkaido with a cleaver&#47;motorcyclist kill restriction. Hotline Miami-themed.','','','3-10-3856375-83',5,'2017-04-10 16:33:51'),(349,52,84,6,'Crazed Fan','','1-08-7945450-43','','',3,'2017-04-10 17:54:32'),(350,121,83,6,'Hostile Takeover','Part 1 of the &#39;Sphere of Influence&#39; Contract Trilogy\r<br>\r<br>Any Method\r<br>Any Disguise\r<br>Multiple ways to dispatch Targets\r<br>\r<br>Full Briefing with Target Dossier&#39;s Attached\r<br>www.youtube.com&#47;watch?v=_5Fm6HQjPNU&t=42s\r<br>','','206650108234','',2,'2017-04-10 19:37:15'),(351,121,83,6,'A Professional Courtesy','Part 2 of the &#39;Sphere of Influence&#39; Contract Trilogy\r<br>\r<br>Any Method\r<br>Any Disguise \r<br>Multiple ways to dispatch Targets \r<br>\r<br>Full Briefing with Target Dossier&#39;s Attached\r<br>www.youtube.com&#47;watch?v=uT-Cg6Uka2g\r<br>','','206329659234','',3,'2017-04-10 19:39:24'),(352,121,88,6,'Moon Over Marrakesh','Finale of the &#39;Sphere of Influence&#39; Contract Trilogy\r<br>\r<br>Any Method \r<br>Any Disguise\r<br>\r<br>Multiple ways to dispatch Targets \r<br>\r<br>SA SO is possible \r<br>\r<br>Full Briefing with Target Dossier&#39;s Attached\r<br>www.youtube.com&#47;watch?v=blxBSZUeEbU ','','2070093367934','',3,'2017-04-10 19:41:33'),(353,47,81,6,'Guard Duty','Good Evening 47, your client is Scott Sarno, the Director of European Operations for CICADA, according to him your targets have infiltrated CICADA and are compromising the agency&#39;s contracts. You are to take down these targets even though Sarno himself is an ICA sancctioned target. Good luck.','','',' 3-02-4256409-24',3,'2017-04-10 20:37:10'),(354,27,85,6,'Stopping KAINET','Preview:\r<br>https:&#47;&#47;i.imgur.com&#47;LsImP9J.jpg\r<br>\r<br>Briefing:\r<br>https:&#47;&#47;i.imgur.com&#47;RoESdO6.jpg\r<br>','1-09-3459503-67','','',2,'2017-04-10 20:48:26'),(355,31,84,6,'You Are Terminated!','Five targets, including Mrs. Mookjai and her assistant, at opposite extremes of the map. Complete freedom of approach. Can be done SA&#47;SO in less than 5 minutes.','','','3-08-1488621-96',5,'2017-04-11 10:01:05'),(356,31,88,6,'Midnight Shopping','3 targets (including Mendola and the client of the fortune teller) in a quick chain of kills while wearing the suit of your choice.','','','3-07-1053130-96',3,'2017-04-12 00:12:00'),(357,31,88,6,'The Imperfect Thread Offer','A little puzzle with five targets that must be taken care of while wearing a shopkeeper disguise. 3 targets must be killed in any kind of accident and the remaining 2 can be killed with any method. ','','','3-07-5768011-96',5,'2017-04-12 12:48:07'),(358,27,83,6,'Silver Lining','Two security targets inside and one outside the swedish consulate. Good luck!','FEATURED','FEATURED','FEATURED',3,'2017-04-12 23:56:39'),(359,123,81,6,'Magician&#39;s Revenge','Vampire Magician and Fire Axe.\r<br>\r<br>Not so hard.','','2-02-3542084-14','',4,'2017-04-13 15:24:33'),(360,31,88,6,'Warm For Your Heart','A contract that can be considered a time trial. One of the targets is cose to 2 exits depending on how fast you arriver to her. Timing is essential for the guy at the caf.','','','3-07-0796739-96',3,'2017-04-14 02:58:10'),(361,20,83,6,'Bad For Business','A small independent organisation of drug dealers have been selling a product which is better quality and cheaper than our clients. They have requested your professional service to eliminate the competition. Good hunting, 47.','','','3-06-8504114-05',5,'2017-04-14 07:37:28'),(362,121,83,6,'A Personal Cleanup','Contract by Wutang Woozie aka Agent-57\r<br>\r<br>PC Target 1 - Pistol \r<br>PC Target 2 - Fibre Wire\r<br>\r<br>PS4 Both Targets Any Method ','106119195897','206351686834','',2,'2017-04-14 19:22:27'),(363,16,81,6,'I Know Paris Inside & Out','http:&#47;&#47;i.imgur.com&#47;1IKqMU9.png\r<br>\r<br>A simple Any&#47;Any contract in and around the front entrance of the palace. For bonus style points, use default equipment, and for super style points don&#39;t go into the palace at all. ','1-02-9249288-02','','',4,'2017-04-14 21:53:18'),(364,31,88,6,' Nighty Letally','5 targets in points of interest of the market and the caf. No restrictions. Can be done quickly and has a lot of potential settings for  accidents.','','','3-07-4156063-96',5,'2017-04-16 01:51:33'),(365,16,84,6,'Party Like a Rock Star','http:&#47;&#47;i.imgur.com&#47;t3eQttt.png\r<br>\r<br>Five Crew, five different Accidents, all on the trashed hotel floor.','1-08-9414112-02','','',5,'2017-04-16 15:08:06'),(366,27,82,6,'Spearfishing','Preview + Briefing: \r<br>https:&#47;&#47;i.imgur.com&#47;OlfAU24.jpg','1-03-0390790-67','','',2,'2017-04-16 20:55:02'),(367,15,84,6,'Master of Headshots','In this contract, you have to kill five targets with a pistol, in your suit.','1-08-3353996-88','','',5,'2017-04-17 12:35:17'),(368,15,82,6,'Providence in Sapienza','In this contract, you have to kill 4 targets in your suit.','1-03-7587239-88','','',4,'2017-04-17 12:38:13'),(369,15,82,6,'Fiber Wire&#47;Suit Only','In this contract, you have to eliminate 4 targets with the Fiber Wire, in your suit.','','2-03-7584561-57','',4,'2017-04-17 12:48:11'),(370,15,84,6,'The Hotel Conspiracy','In this contract, you have to eliminate 5 targets, using different weapons and suits.','','2-08-9274454-57','',5,'2017-04-17 12:50:04'),(371,15,82,6,'THE ROGUE GUARD','In this contract, you have to eliminate 1 target, in your suit.','','2-03-6566441-57','',1,'2017-04-17 12:51:11'),(372,15,86,6,'Killing Agent Smith','In this contract, you have to eliminate 5 targets using leg shots and headshots, in your suit.','','2-10-5065235-57','',5,'2017-04-17 12:52:27'),(373,15,85,6,'Kill the guards','In this contract, you have to eliminate 5 targets using different weapons, in your suit.','','2-09-9390895-57','',5,'2017-04-17 12:53:40'),(374,15,82,6,'Falling With Hatch','In this contract I made for Hatch a while ago, you have to eliminate 3 targets with Fall (Accident) while disguised as a Lab Technician.','','2-03-2581243-57','',3,'2017-04-17 12:55:50'),(375,15,89,6,'The Bohemian Sniper','In this contract, you have to eliminate 4 targets using different kill methods and disguises.','','2-04-8256825-57','',4,'2017-04-17 12:57:14'),(376,15,86,6,'Copyright Doctors','In this contract, you have to eliminate Jason Portman, while disguised as a Doctor.\r<br>2nd objective: Replace the Bust in the Texan&#39;s room by the Scissors in 47&#39;s bathroom.\r<br>Condition: Don&#39;t take any loadout to the mission.','','2-10-2061630-57','',1,'2017-04-17 12:59:25'),(377,15,84,6,'Machete Master','In this contract, you have to eliminate 5 targets with a Machete, using different disguises.','','2-08-8232809-57','',5,'2017-04-17 13:01:25'),(378,15,89,6,'Luigi Murder','In this contract, you have to eliminate 4 targets using an Old Axe, while disguised as a Green Plumber.','FEATURED','FEATURED','FEATURED',4,'2017-04-17 13:02:48'),(379,15,88,6,'Night Accidents','In this contract, you have to eliminate 3 targets using accident kills.','','2-07-3599004-57','',3,'2017-04-17 13:04:40'),(380,15,82,6,'Mansion Guards','In this contract, you have to eliminate 5 mansion guards in your suit.','','2-03-5031422-57','',5,'2017-04-17 13:05:40'),(381,126,88,6,'1001 Moroccan nights','Good evening 47. Today we have a bigger job than usual for you. Your targets are 4 members of crystal dawn. They are here in Marrakesh tonight and they are about to close a big drugs deal. One member is dressed as a regular tourist to keep an eye out on the streets. The other 3 are in disguise, so keep an eye out. Our client, general Zaydan, has asked us to take out all 4 members tonight, and he pays good money for it, so don&#39;t let him down 47. Good luck.','FEATURED','FEATURED','FEATURED',4,'2017-04-17 13:46:21'),(382,20,83,6,'Bad For Business 2','It turns out that the independent drug sellers you eliminated were operating under one of our bigger clients. Whereas they tolerated the existence of the other organisation in their territory the recent actions have been interpreted as war and they would like us to ensure that they re-establish total control. You have been engaged to eliminate four key targets which will as good as cripple any hope of them being able to continue operating in Marrakesh for quite some time. Good hunting, 47.','','','3-06-5079220-05',4,'2017-04-17 14:21:08'),(383,20,82,6,'Piano Man - Sapienza','A client has made a strange and somewhat disturbing request. For reasons known only to himself he would like us to help create the mythology of a serial killer, who targets attractive women, and kills them with a piano wire. Sometimes it feels that even we cross lines in what we are asked to do. Good hunting, 47.','','','3-03-8020847-05',5,'2017-04-17 14:22:49'),(384,20,82,6,'I Hate Purple Pants!','It is not for us to reason why, but our client has a strong and irrational hatred of anyone who wears purple pants. Sadly these lovely ladies chose the wrong colour today. Good hunting, 47.','','','3-03-2432955-05',5,'2017-04-17 14:23:54'),(385,31,81,6,'ICA Initiative: Fashion Police','Kill 5 targets with any method you want while dressed as a CICADA bodyguard. All the targets are security related.','','','3-07-4156063-96',5,'2017-04-17 14:26:16'),(386,127,84,6,'In N&#39; Out with a bang','My first contract. ','','2-08-2331289-80','',5,'2017-04-17 16:48:52'),(387,15,85,6,'Don&#39;t Free the Prisioner','In this contract, you have to eliminate 4 targets using a shotgun and doing it in your suit.','1-09-9210817-88','','',4,'2017-04-18 16:24:37'),(388,16,86,6,'Accidentally Killplaned Myself','http:&#47;&#47;i.imgur.com&#47;ZAlvEn8.png\r<br>\r<br> Drown the Hospital Director as the Hospital Director. Now you could wake him up after taking his clothes, but that would ruin your Silent Assassin ranking. So you&#39;ll just have to figure out a way to drown him as him without getting caught. Easy, right? ','1-10-5217131-02','','',1,'2017-04-18 20:28:10'),(389,52,81,6,'Paris Sniper','Snipe four targets in your suit in Paris','1-02-5244397-43','','',4,'2017-04-20 01:46:29'),(390,52,82,6,'Sapienza Sniper','Snipe four targets in your suit in Sapienza','1-03-2540434-43','','',4,'2017-04-20 01:53:35'),(391,52,83,6,'Marrakesh Sniper','Snipe four targets in your suit in Marrakesh','1-06-3541591-43','','',3,'2017-04-20 01:54:50'),(392,52,84,6,'Bangkok Sniper','Snipe four targets in your suit in Bangkok. Also get rid of Thanaboon Boonliang, because fuck that guy.','1-08-7546215-43','','',5,'2017-04-20 01:56:54'),(394,109,82,6,'Talking BS','FC Barca fans wanna get some peace in the radio Sapienza .EASY BUT FUN ','','203872436103','',2,'2017-04-20 07:57:30'),(395,52,85,6,'Kill Order:4&#47;20','Blaze it','1-09-5058749-43','','',4,'2017-04-20 17:24:45'),(396,52,82,6,'Pew pew pew','Fastest hand in the lab','1-03-0842675-43','','',4,'2017-04-20 17:32:18'),(397,37,82,6,'Destruction','Main Square targets, no restrictions.','1-03-1417305-57','2-03-3044763-51','',4,'2017-04-20 19:05:55'),(398,37,81,6,'Obliteration','No Restrictions, all targets on different parts of the map.','1-02-6891978-57','2-02-5023679-51','3-02-4914452-76',4,'2017-04-20 19:09:07'),(399,32,88,6,'Micro Management','','1-07-2218961-76','','',5,'2017-04-20 19:38:29'),(400,32,84,6,'Up the Stairs, Down the Wire','','1-08-0532615-76','','',5,'2017-04-20 19:40:06'),(401,32,84,6,'Class Act','','1-08-3962484-76','','',5,'2017-04-20 19:41:20'),(402,32,82,6,'Explodingly Yours','','1-03-8321712-76','','',5,'2017-04-20 19:42:37'),(403,32,84,6,'Ain&#39;t That a Kick in the Head?','','1-08-5422642-76','','',5,'2017-04-20 19:44:04'),(404,32,82,6,'The Plague Ninja','','1-03-4924509-76','','',5,'2017-04-20 19:45:23'),(405,32,86,6,'Hold the Door!','','1-10-0137382-76','','',5,'2017-04-20 19:47:06'),(406,32,83,6,'A Shocking Conclusion ','','1-06-8535483-76','','',1,'2017-04-20 19:49:54'),(407,32,89,6,'Let&#39;s Go Shopping','','1-04-7243033-76','','',5,'2017-04-20 19:51:14'),(408,52,85,6,'Colorado Sniper','Snipe four targets in your suit in Colorado.','1-09-9273218-43','','',4,'2017-04-20 21:13:56'),(409,16,88,6,'Under The Hash Streetlights','http:&#47;&#47;i.imgur.com&#47;ZoBCyyh.png\r<br>\r<br>Four Any&#47;Any targets in Night Marrakesh. Two wander, one moves a little bit, and one is immobile. All are in public, but there are many opportunities to take them out without raising alarm. If anything, all are easy to kill... if you dedicate loadout slots to doing so. The question is how to take them all out quickly.','1-07-4486391-02','','',4,'2017-04-21 20:46:27'),(410,16,82,6,'The Retroviral Revengeance','http:&#47;&#47;i.imgur.com&#47;SeR2UGB.png\r<br>\r<br>Kill Caruso and De Santis in a Hazmat Suit.\r<br>BONUS: Poison both targets. This includes regular poison, the Prototype Virus Sample, and the hazardous gas in the containment room.\r<br>SUPER BONUS: Never have line of sight to either target.','1-03-8484283-02','','',2,'2017-04-21 22:00:32'),(411,127,86,6,'Don&#39;t think outside of the box','read the title','','2-10-0407863-80','',5,'2017-04-22 11:47:08'),(412,27,86,6,'Doppia Porta','Preview + Briefing:\r<br>https:&#47;&#47;imgur.com&#47;a&#47;0HEbu','1-10-5358364-67','','',1,'2017-04-23 00:28:27'),(413,25,82,6,'Holy Smokes','Explosive-themed contract, centred around the church.','','2-03-7366153-23','',5,'2017-04-23 04:50:20'),(414,16,82,6,'This Contract is Terrible','http:&#47;&#47;i.imgur.com&#47;7UP9IKU.png\r<br>\r<br>An attempt to make the worst contract possible. This isn&#39;t as bad as it could be due to the lack of annoying disguise restrictions and the fact that there are only 3 targets instead of 5, but my conscience stopped me somewhere along the line and I lack the hate in my soul to go that far. Whoever does so has the right to name their contract The Worst Contract Ever; I couldn&#39;t bring myself to claim such a thing.','1-03-1089282-02','','',3,'2017-04-24 12:08:01'),(415,31,82,6,'Walking and Living Problems','Take out the bodyguards for Silvio and Francesca in any way you can while wearing a suit or any of 47&#39;s starting outfits. ','','','3-03-1906198-96',4,'2017-04-27 12:48:42'),(416,16,87,6,'Stream Sniping','http:&#47;&#47;i.imgur.com&#47;XhT8BWn.png\r<br>\r<br>Kill a Security Guard and a Civilian in your Suit. Any Method is fine, but for bonuses...\r<br>BRONZE: No Explosion Accidents.\r<br>SILVER: Kill both targets with a Sniper Rifle...\r<br>GOLD: ...Simultaneously.','1-05-3098403-02','','',2,'2017-04-28 20:36:04'),(417,122,82,6,'The Dangerous Duo','Eliminate the street performer and the biker wearing the plague doctor disguise and using methods that draw attention easily. ','1-03-4577124-28','2-03-3280316-23','',2,'2017-04-28 23:16:35'),(418,122,81,6,'The Suicide Squad','Take out 4 guards, well, by accident.','1-02-8580351-28','','',4,'2017-04-29 01:27:18'),(419,122,84,6,'Himmanpan Reaper','Eliminate 4 targets while enjoying the hospitality in Bangkok. Good hunting.','1-08-3877239-28','','',4,'2017-04-29 05:43:27'),(420,122,85,6,'Point Falling','Take out the point man as, himself.','1-09-2053040-28','2-09-4419330-99','',1,'2017-04-29 13:19:15'),(421,31,88,6,'The Case Of The 47-45-22 Backstabber','Killing bodyguards at the caf zone and where Kong meets with Mendola. Kills must be done with pistol elimination and wearing a suit. ','','','3-07-1348609-96',5,'2017-04-29 17:27:05'),(422,132,84,6,'When a Stalker Calls','Based on the horror movie &#39;When a Stranger Calls&#39;, you must eliminate 3 house staff located in the penthouse.','','2-08-6437905-11','',3,'2017-04-29 20:10:23'),(423,132,86,6,'The Migration Composition','The Migration Composition challenges you with 5 targets, all having to be killed in several different ways and in several different disguises. Completing the contract swiftly and professionally will be a big challenge.','','2-10-3045768-11','',5,'2017-04-29 22:09:56'),(424,132,81,6,'Shapu','Eliminate 5 CICADA bodyguards upstairs in the attic with thrown combat knives in a suit.','','2-02-3565096-11','',5,'2017-04-29 22:12:00'),(425,132,86,6,'An Accidental Accident','Disguised as a ninja, eliminate a far away guard in a falling object accident.','','2-10-6844637-11','',1,'2017-04-29 22:12:57'),(426,132,85,6,'The Herald','\"They say the herald was immortal, but now he is not.\"','','2-09-4490716-11','',1,'2017-04-29 22:13:40'),(427,132,85,6,'2nd Floor Clear! Janbiya!','Eliminate 5 targets with Thrown Janbiyas in the hacker and militia elite disguises.','','2-09-3552604-11','',5,'2017-04-29 22:19:18'),(428,52,86,6,'Bathroom Blast','Eliminate four targets with an explosion accident','1-10-0192843-43','','',4,'2017-04-29 23:59:17'),(429,95,82,6,'Cinque Sicario','http:&#47;&#47;i.imgur.com&#47;RJRdwPu.png','','2-03-0234859-77','',5,'2017-05-01 15:28:01'),(430,119,82,6,'Bloodline','In WWII a French Resistance leader, Laike Rousseau, was murdered (via electrocution) by her best friend for a large sum of money from the Nazis. Now her grandson Kevin Rousseau wants the murderer&#39;s last living blood relative dead. Happy story.','','','???',1,'2017-05-02 01:43:59'),(431,52,83,6,'Master of Accidents','','1-06-8188522-43','','',5,'2017-05-02 07:01:14'),(432,132,86,6,'Morgue Sniper','Looks like the morgue doctors were lazy with their job last week. Now It&#39;s time to give them what they deserve. Eliminate 4 morgue doctors with sniper rifles in your suits.','','2-10-7216387-11','',4,'2017-05-02 07:30:24'),(433,132,82,6,'Shot Suit Mc Veigh','Rocco and his sister are spending too much time complaining! Let&#39;s shut them up brutally. Eliminate both Craig McVeigh and Claudio Di Meo with a shotgun in your suit.','','2-03-1155213-11','',2,'2017-05-02 07:31:40'),(434,132,81,6,'An Obsession For Fibre','Five CICADA bodyguards, all waiting to get the garrote by a fancy man in a suit. You know what to do 47.','','2-02-1033867-11','',5,'2017-05-02 07:33:13'),(435,122,86,6,'Shotgun vs Gunshot','Take out 2 guards using a shotgun.','1-10-8696739-28','','',2,'2017-05-02 21:04:36'),(436,112,82,6,'Toxic Environment','Take down the four hazmat personnel in Ether&#39;s field lab. Be warned, the virus environment is deadly.','1-03-1872970-02','','3-03-3728718-78',4,'2017-05-03 06:32:01'),(437,122,86,6,'Terminal Hospitality','Eliminate 4 targets using a scalpel.','1-10-3907246-28','','',4,'2017-05-03 10:36:58'),(438,67,82,6,'Invasion of the Gelateria','Aliens have landed intent on taking over Sapienza. They&#39;re communicating via advanced dairy-based technology. Destroy by any means.','FEATURED','FEATURED','FEATURED',5,'2017-05-04 05:02:25'),(440,134,81,6,'She Called Me Bruce???','Good afternoon, 47. I try to keep our work lives separate from personal, but I&#39;m in need of your assistance. Last weekend I went with a girlfriend for a night on the town and apparently I can&#39;t handle Jell-O shots like younger Diana and ... well, I went home with a fellow & MAY have disclosed ICA intel. I remember his name was in the title of a bad Rick Springfield song & that he&#39;d be at the Sanguine Fashion Show. There will be 3 Bruces in attendance so please be a dear and take them','','','3-02-2784431-89',3,'2017-05-04 13:32:59'),(441,22,86,6,'Ninjas Hate Push-Ups','The title speaks for itself.','1-10-6958186-68','','',2,'2017-05-05 08:43:53'),(442,22,83,6,'Murder Swap','A Roulette-style contract.  You must kill Strandberg and Zaydan, as in the main mission, but with extra restrictions.','1-06-9003595-68','','',2,'2017-05-05 08:45:19'),(443,22,82,6,'The Help Revolt','A Roulette-style contract.  You must kill Silvio and Francesca, as in the main mission, but with extra restrictions.','1-03-5603562-68','','',2,'2017-05-05 08:46:08'),(444,52,81,6,'Master of Disguise','','1-02-0707379-43','','',4,'2017-05-05 09:22:55'),(445,128,81,6,'I Call Shotgun',NULL,'FEATURED','FEATURED','FEATURED',5,'2017-05-05 00:00:00'),(446,86,86,6,'Last Resort',NULL,'FEATURED','FEATURED','FEATURED',5,'2017-05-05 00:00:00'),(447,86,82,6,'WITNESS PROTECTION PARADISE',NULL,'FEATURED','FEATURED','FEATURED',3,'2017-05-05 00:00:00'),(448,86,84,6,'The Evil Stalker',NULL,'FEATURED','FEATURED','FEATURED',2,'2017-05-05 00:00:00'),(449,128,80,6,'sniper','','','','',1,'2017-05-07 19:17:42'),(450,27,82,6,'I have bad news for you...','Killing the cyclist as a lab technican with the amputation knife. Because it fits the plot.','1-03-5080929-67','','',1,'2017-05-08 16:32:27'),(451,27,85,6,'Bodywork','Kill the mechanic under the car in the garage and someone else with his shotgun.','FEATURED','FEATURED','FEATURED',2,'2017-05-08 16:34:10'),(452,27,84,6,'Burton gets hurt on TV','Snipe a band crew member as hotel staff.','1-08-5477487-67','','',1,'2017-05-08 16:35:17'),(454,122,88,6,'Smooth Criminal','Four bodyguards in and around Shisha Cafe must be eliminated.','1-07-8477673-28','','',4,'2017-05-08 20:39:54'),(455,18,86,6,'Wow, what a great audience!','Good evening, 47. Your targets today are three medical students who are suspected of foul lay in the death of our client&#39;s daughter. The three come from wealthy families and our client suspects that any case brought against them will be dropped. The targets have been invited to observe a particularly arduous operation at the GAMA medical institute. It is up to you how the three meet their demise, but a professional should always dress as such. Deliver justice, don&#39;t get spotted. Good luc','','','3-10-1073018-09',3,'2017-05-09 10:55:15'),(456,18,81,6,'The Aristocrats','Good evening, 47. Our client is Dalia Margolis. Among the many guests at the Palais de Walewska are a few particularly wealthy and influential individuals. No longer useful, their political aspirations and affiliations pose a threat to the longevity of IAGO and the identities of those involved. Dalia has named five targets for you to dispose of, but has given no further instructions. I will leave you to prepare. Good luck, 47.','','','3-02-9397954-09',5,'2017-05-09 10:57:57'),(457,18,82,6,'We All Float Down Here','Good afternoon, 47. Our client is a movie director who struggled to sell a single ticket at the debut of his latest film, &#39;That&#39;. A blood thirsty horror which failed to captivate the small seaside town which is so prone to tragedy. The director wants revenge and to strike fear in their hearts once again by playing on an old legend of an evil spirit that haunts Sapienza, he hopes the town will tremble. Good luck, 47.','','','3-03-1449277-09',3,'2017-05-09 11:00:25'),(458,18,83,6,'Security Breach','Good afternoon, 47. Our client is the head of Claus Strandberg&#39;s security tasked with ensuring his safety within the walls of the consulate. It has come to his attention that activists intending to maim or harm Mr Strandberg have likely infiltrated the consulate posing as security. The guards are armed and coul attack their target at short notice. Our client has named five guards, all recently employed by the consulate. They are your targets. Your approach is entirely up to you. Good luck, 4','','','3-06-9917277-09',5,'2017-05-09 11:02:58'),(459,18,89,6,'Harbour Duty','Marco Abiatti is running for Mayor and his campaign team need this concert to run smoothly. Unfortunately the technician and security for the fireworks are imbeciles and are letting members of the public loiter around the pier. Get rid of these morons, 47 and ease the mind of the campaign manaher. Don&#39;t get caught. The last thing Abiatti needs is a press feeding frenzy when there are already allegations of corruption circulating. Good luck, 47.','','','FEATURED',5,'2017-05-09 11:05:38'),(460,18,89,6,'Ice Scream, You Scream','...We all scream &#39;cause there&#39;s a man with an axe.\r<br>Good evening, 47. Abiatti is due to meet with the owner of the Gelateria Bella, local ice cream parlour and money laundering front for the amphetamine trade. The meeting concerns the percentage of profits that Abiatti will recieve for turning a blind eye once Mayor. Abiatti has instead decided to take the business off their hands. Remove the owner,supplier and all employees.','','','3-04-8582557-09',5,'2017-05-09 11:08:46'),(461,18,84,6,'Where&#39;s my watch gone?','I&#39;m sure I left it on the table. Damn it! I go out to lunch for ten minutes and some bastard has stolen it!\r<br>I bet it was one of the staff... In fact there was probably two, or three. No it had to be more than that. Best settle on five to be safe. I&#39;m going to make them pay, one way or another!','','','3-08-2081240-09',5,'2017-05-09 11:10:45'),(462,18,80,6,'Contract #1','Spies from IAGO have been detected within our midst. Take them out in this supposed training mission.','','','3-01-2488880-09',3,'2017-05-09 11:12:26'),(463,114,81,6,'Falling Angels','4 ladies, must all fall accident. ','','2-02-6720836-99','',4,'2017-05-10 18:45:03'),(464,114,81,6,'Dalia knows everything','5 auctioneers are all spies and Dalia has uncovered their secret. She has called the ICA to take them down. ','','2-02-4952424-99','',5,'2017-05-10 18:46:48'),(465,114,81,6,'Shotgun Wedding','Valerie and Decker w&#47;shotgun, suit only. Try sub 3mins. ','','2-02-5712626-99','',2,'2017-05-10 18:49:54'),(466,122,82,6,'Extreme Precaution','Eliminate four Hazmat guys as a lab technician using a battle axe.','FEATURED','FEATURED','FEATURED',4,'2017-05-13 05:14:09'),(467,52,89,6,'Poseidon&#39;s Push','ez','1-04-0494067-43','','',1,'2017-05-14 20:13:18'),(468,52,89,6,'The Hunted Becomes the Hunter     ','Bravuomo has decided to step out of hiding and stand up against Abiatt, no matter the cost...','1-04-5164726-43','','',4,'2017-05-16 11:02:58'),(469,52,84,6,'Quit Screwing Around  ','Kill those noisy guests 2 rooms down from yours. That will teach them for keeping you up at night. ','1-08-8730610-43','','',2,'2017-05-17 17:04:52'),(470,13,86,6,'Sens0','Any Weapon, Any Disguise\r<br>\r<br>Two guards in the restaurant\r<br>\r<br>','1-10-4535933-04','2-10-7559052-51','',2,'2017-05-18 08:44:30'),(471,13,83,6,'The Banker','Any Weapon, Any Disguise\r<br>\r<br>Kill Claus Strandberg','','2-06-0093069-51','',1,'2017-05-18 08:52:28'),(472,52,82,6,'This Contract is Absolutely Terrible','\"This isn&#39;t as bad as it could be due to the lack of annoying disguise restrictions and the fact that there are only 3 targets instead of 5, but my conscience stopped me somewhere along the line and I lack the hate in my soul to go that far.\" - Nakar \r<br>\r<br>My conscience didn&#39;t stop me. http:&#47;&#47;i.imgur.com&#47;AvCmZn6.png','1-03-0070728-43','','',5,'2017-05-18 10:11:08'),(473,52,82,6,'Chandeliers of Death ','',' 1-03-3005484-43','','',5,'2017-05-18 16:38:33'),(474,20,86,6,'Master of Stealth','Two high profile targets need to be eliminated. The odds are stacked against you. Do you possess the necessary skills as a master assassin to complete this contract','','','3-10-1378862-05',2,'2017-05-19 18:00:06'),(475,20,81,6,'Suits You, Sir!',' A rival fashion house, \"Suits You, Sir\", have issued a contract against Sebastian Sato, his right hand woman and ideas lady, Agatha, and his daughter and sole heir, Amedee. It is essential that all traces of his outdated fashion ideas are killed along with him and the only other two who might continue his legacy. Good hunting, 47.','FEATURED','FEATURED','FEATURED',3,'2017-05-19 18:00:56'),(476,52,82,6,'Mansion Murder Mystery','','1-03-5898653-43','','',5,'2017-05-19 20:05:06'),(477,52,86,6,'Hokkaido Sniper','Snipe 4 targets in your suit in Hokkaido','1-10-9855743-43','','',4,'2017-05-19 22:02:33'),(478,52,82,6,'Acrophobia','','1-03-7469804-43','','',5,'2017-05-22 06:21:50'),(479,6,86,6,'Lessons in Aviation','A 1-target puzzle contract: kill Jason Portman with a fall as the Pilot. Optimisation is key.','FEATURED','FEATURED','FEATURED',1,'2017-05-22 16:42:08'),(480,6,83,6,'Discharged','\"Literally Cleaning House 2\" - Silverballer\r<br>\r<br>This is an any&#47;any contract with multiple solutions and routes. ','','','3-06-6273253-83',4,'2017-05-22 16:43:17'),(481,52,83,6,'Suit Only Challenge','Very creative name\r<br>\r<br>Kill 5 people in the consulate building while in your stylish suit of choice. ','1-06-0482759-43','','',5,'2017-05-23 22:26:33'),(482,52,82,6,'In Ruins','','1-03-4456436-43','','',3,'2017-05-24 22:29:01'),(483,16,82,6,'Nonlinear Mathematics','http:&#47;&#47;i.imgur.com&#47;7U1qgMt.png\r<br>\r<br>Technically a freeform contract but with a puzzler element to it. Four targets are spread far and wide throughout Sapienza, so use all means at your disposal to take them down any which way you like.\r<br>\r<br>NOTE: No portable accidents were used in creating this contract or setting my own time.','1-03-2591296-02','','',4,'2017-05-29 22:54:03'),(484,67,82,6,'Push It','(Fall Accident) contract. Some thieves have been at some of Silvio&#39;s prized possessions. Silvio wants them pushed real good.','','','3-08-5450666-88',5,'2017-05-31 09:58:42'),(485,67,82,6,'Assault on Gelateria 13','The Listerians have returned to Sapienza intent on revenge. The aliens are preparing an all-out attack, and only 47 stands in the way of the Gelateria&#39;s imminent annihilation.','','','3-03-0781758-88',5,'2017-05-31 10:03:06'),(486,67,86,6,'Sayonara!','Melee contract. Brutally wreck five executive staff working for a popular game publisher. ','','','3-10-5564629-88',5,'2017-05-31 11:16:00'),(487,52,84,6,'Accidents Happen','','1-08-1175835-43','','',5,'2017-06-01 08:41:04'),(488,146,82,6,'Vengaboys Are Back In Town','BOOM BOOM BOOM BOOM','1-03-7978384-62','','',4,'2017-06-02 00:10:44'),(489,147,84,6,'Crowbar and the Todd Brothers','Crowbar robbed banks,\r<br>The Todds would burn tramps,\r<br>They fled their land,\r<br>To go join a band,\r<br>\r<br>They met Jordan Cross,\r<br>Who gave them their jobs,\r<br>But let&#39;s give their luck a toss,\r<br>And show them who&#39;s boss,\r<br>','','2-08-2271334-63','',3,'2017-06-02 07:55:17'),(490,5,81,6,'You Only Die Twice','This contract is a freeform contract with lots of freedom of approach and any method&#47;any disguise.','FEATURED','FEATURED','FEATURED',3,'2017-06-02 09:37:20'),(492,86,81,6,'What Just Happened?',NULL,'FEATURED','FEATURED','FEATURED',5,'2017-06-02 00:00:00'),(493,86,82,6,'The Perfect Cover',NULL,'FEATURED','FEATURED','FEATURED',5,'2017-06-02 00:00:00'),(494,86,87,6,'A Movie Production',NULL,'FEATURED','FEATURED','FEATURED',4,'2017-06-02 00:00:00'),(495,132,82,6,'Ricochet','Located in the Sapienza Ruins, you must eliminate 4 guards in your suit with explosive devices (non-accidental).','','2-03-1838163-11','',4,'2017-06-06 05:51:34'),(496,132,86,6,'The A(ssault) Team','5 targets must be eliminated with an assault rifle as a baseballer.','','2-10-7662742-11','',5,'2017-06-06 05:52:39'),(497,132,85,6,'Long Shot','Love a good sniper contract? 5 targets, in your suit, all killed with a sniper rifle.','','2-09-1932255-11','',5,'2017-06-06 05:53:28'),(498,132,84,6,'Hunter and Hunted','Jordan Cross is being hunted by a Stalker-Hunter named Benjamin Bertram. I suggest you take advantage of both of them, 47.','','2-08-3914446-11','',2,'2017-06-06 06:12:37'),(499,52,80,6,'Fiber Wire Assassin 1 ','','1-01-4809600-43','','',5,'2017-06-10 09:53:47'),(500,52,81,6,'Fiber Wire Assassin 2','','1-02-4639754-43','','',5,'2017-06-12 11:04:34'),(501,52,85,6,'Danger! Explosives!','','1-09-3087646-43','','',4,'2017-06-13 08:46:16'),(502,95,84,6,'Bad Company','Three crew members working for Jordan Cross and his band, The Class, are corrupting other members of the \"family\" with their bad behavior and blatant drug use and the record company feels that they have to go.\r<br>Of course, firing them is out of the question. They have been with the band for a while and they know to much.','','2-08-0105860-77','',3,'2017-06-17 02:45:37'),(503,149,81,6,'The Prince of Paris','','','2-02-7055361-91','',5,'2017-06-17 18:14:06'),(504,149,82,6,'The Prince of Sapienza','','','2-03-4083746-91','',5,'2017-06-17 18:19:22'),(505,149,83,6,'The Prince of Marrakesh','','','2-06-7486323-91','',5,'2017-06-17 18:20:07'),(506,95,82,6,'Incontro In Paradiso','Incontro In Paradiso (Meeting in Paradise)\r<br>\r<br>Gil Scherzer, a senior data analyst for German weapon manufacturer Vogel & Wolff, is meeting a hacker, Dimitri Napolitani, somewhere in Sapienza.\r<br>\r<br>The client wants both targets eliminated.\r<br>\r<br>Good luck 47!','','2-03-9223833-77','',2,'2017-06-18 05:21:47'),(507,115,81,6,'A Bold Young Death','There&#39;s been rumors that Sebastian Sato hired a hitman in disguise as the lead fashion model, Helmut Kruger. The Sanguine crew now believes Sebastian is responsible for the deaths of Viktor Novikov and Dalia Margolis. They have all contributed enough cash to place a hit on Sebastian Sato.','','2-02-7757522-43','',1,'2017-06-19 16:35:59'),(508,115,86,6,'Strikeout!','Fowlplay is making a comeback, starting at GAMA.','','2-10-8789554-43','',3,'2017-06-23 16:37:03'),(509,115,85,6,'Farming for Weapon EXP','You got to grind to level up your sniper rifle! Only, instead of practicing on a scarecrow, you practice on the hackers as a scarecrow cause the militia didn&#39;t approve of them pissing on their treasured scarecrows.','','2-09-2024066-43','',5,'2017-06-23 16:41:16'),(510,151,86,6,'Ninja Guardin&#39;','Ninja run with 3 Katana melee kills. The targets are guards and will be tricky to get to undetected across the other side of the garden.','','','3-10-0588231-78',3,'2017-07-01 12:48:11'),(511,95,81,6,'Tireur de Precision','Detailed contract file for 47&#39;s eyes only:\r<br>\r<br>http:&#47;&#47;i.imgur.com&#47;SgylXBD.png','','2-02-0699207-77','',3,'2017-07-02 06:44:54'),(512,95,87,6,'The Years of Lead','Detailed contract file for 47&#39;s eyes only: \r<br>\r<br>http:&#47;&#47;i.imgur.com&#47;Px5iecF.png\r<br>','','2-05-4708491-77','',1,'2017-07-03 02:48:38'),(513,27,88,6,'Souq Noir','Preview + Briefing: https:&#47;&#47;i.imgur.com&#47;psVG8q0.jpg','FEATURED','FEATURED','FEATURED',4,'2017-07-04 12:11:18'),(514,132,81,6,'Orange is the New Black','Eliminate 4 targets near the catwalk without any conditions. Options are limited when you are aiming for Unspotted or Silent Assassin.\r<br>Contract re-made by GuLe for PC.','1-02-9136291-57','2-02-7410008-11','',4,'2017-07-05 03:51:39'),(515,132,86,6,'Killer Patience','Eliminate 5 patients at the Gama facility without any restrictions and&#47;or conditions.','','2-10-9944176-11','',5,'2017-07-05 03:57:31'),(516,67,85,6,'Barn Dance',NULL,'FEATURED','FEATURED','FEATURED',4,'2017-07-07 00:00:00'),(517,54,82,6,'Going Undercover',NULL,'FEATURED','FEATURED','FEATURED',4,'2017-07-07 00:00:00'),(518,114,81,6,'Love me, Thrill me, Kiss me, Kill me.',NULL,'FEATURED','FEATURED','FEATURED',1,'2017-07-07 00:00:00'),(519,47,83,6,'Summer Internship',NULL,'FEATURED','FEATURED','FEATURED',5,'2017-07-07 00:00:00'),(520,17,81,6,'Like \'99s',NULL,'FEATURED','FEATURED','FEATURED',5,'2017-07-07 00:00:00'),(521,37,86,6,'Samurai Jack',NULL,'FEATURED','FEATURED','FEATURED',4,'2017-07-07 00:00:00'),(522,86,84,6,'Hell\'s Kitchen',NULL,'FEATURED','FEATURED','FEATURED',3,'2017-07-07 00:00:00'),(523,67,85,6,'The Colorado Melee Massacre',NULL,'FEATURED','FEATURED','FEATURED',2,'2017-07-07 00:00:00'),(524,32,87,6,'Cinematic Problematic',NULL,'FEATURED','FEATURED','FEATURED',5,'2017-07-07 00:00:00'),(525,86,84,6,'Shot-Class',NULL,'FEATURED','FEATURED','FEATURED',4,'2017-07-07 00:00:00'),(526,34,86,6,'Winter is Coming',NULL,'FEATURED','FEATURED','FEATURED',5,'2017-07-07 00:00:00'),(527,95,83,6,'The Betrayal','Detailed contract file: http:&#47;&#47;i.imgur.com&#47;GBSxLU9.png','1-06-6464920-67','2-06-4088538-77','3-06-4836148-57',1,'2017-07-15 14:42:36'),(528,95,84,6,'AMBUSCADE','Detailed contract file: http:&#47;&#47;i.imgur.com&#47;nD2jAw1.png','','2-08-4218721-77','',4,'2017-07-18 12:24:17'),(529,18,82,6,'The Man in the High Castle','After centuries of damage inflicted by warfare, erosion and Cthulhu, Castello del Mare has seen better days. An elderly historian, whose childhood summers spent visiting Castles and Forts inspired her career, has taken umbrage at the neglect that the Caruso family have directed at the once bold, beautiful and publicly accessible landmark. Your targets are five guards stationed at the castle to ward off any locals or curious tourists. Send a message to Caruso. Good luck, 47.','1-03-8686342-67','2-03-9106797-94','3-03-8673304-09',5,'2017-07-20 02:21:41'),(530,159,82,6,'Outside Xbox-xtra Oxbox','A tribute to the Outside Xbox youtube chanel. A group of imposters is planning to take the places of the OxBox hosts. You must stop them. I made this contract as a thank you to them for getting me into this great game : )\r<br>\r<br>P.S. I know it&#39;s odd that it&#39;s a tribute to Outside xbox and its only in PS4, unfortunately thats the only console I have. ','','2-03-0327653-83','',5,'2017-07-25 23:59:28'),(531,6,84,6,'A House of Cords','3-target freeform contract in the recording wing.','','2-08-3384107-64','3-08-4954367-83',3,'2017-07-30 11:25:03'),(532,6,81,6,'Cleaning the Seine','3-target freeform contract in the left-side gardens of the Palace, and in the saber room.','','','3-02-1891334-83 ',3,'2017-07-30 11:30:43'),(535,5,82,6,'From Sapienza With Love ','A sequel to &#39;You Only Die Twice&#39;. Three targets in the mansion and town square area. Fast flow and any method&#47;any disguise. For an extra challenge, do it Suit Only&#47;Pistol Only.','1-03-5068253-02','','3-03-7448457-41',3,'2017-08-01 20:11:40'),(536,27,86,6,'At my feet, on my sheet','Preview + Briefing:\r<br>https:&#47;&#47;i.imgur.com&#47;MmXd7ga.jpg','1-10-7174164-67','','',3,'2017-08-02 16:06:50'),(537,13,84,6,'Hired Gun','2 Targets\r<br>\r<br>Pistol only, Any Disguise','','2-08-7065733-51','',2,'2017-08-07 18:51:30'),(538,13,81,6,'Dissolution','4 Targets\r<br>\r<br>Any Weapon, Any Disguise','','2-02-5648024-51','',4,'2017-08-07 18:52:20'),(539,13,81,6,'Afterlife: Denied','3 Targets\r<br>\r<br>Any Weapon, Any Disguise','','2-02-0920003-51','',3,'2017-08-07 18:53:18'),(541,13,84,6,'Concrete Evidence','3 Targets\r<br>\r<br>Any Weapon, Any Disguise','','2-08-8995392-51','',3,'2017-08-07 18:55:31'),(542,22,85,6,'Barn Owls and Field Mice','Son, we got pests on the farm. In the north we got owls nestin in the hayloft rafters, and in the south we got mice chewin up supplies in the shed. Git yer rifle, boy, and git to shootin.','1-09-3415480-68','','',4,'2017-08-10 09:35:09'),(543,5,88,6,'Blood and Muscle','A quick Any method&#47;Any disguise contract in Night Marrakesh where you must hunt down a rogue handler and her contact. ','FEATURED','FEATURED','FEATURED',2,'2017-08-11 09:32:37'),(544,112,81,6,'Sheikh Shakedown','Sniper Contract where you must first assasinate Sheikh Salman al-Ghazali in his private quarters.','','2-02-9155123-94','3-02-2184543-78',4,'2017-08-18 21:32:31'),(545,112,83,6,'Dead End Alley','Contract on the handymen wandering the Marrakesh streets. Time limited by an additional target, the consulate intern.','','','3-06-9292286-78',3,'2017-08-18 21:35:11'),(546,13,81,6,'Fais Attention!','Part of mendietinhas curated contract selection','FEATURED','FEATURED','FEATURED',4,'2017-08-24 10:21:58'),(547,95,84,6,'The Expendable One','Contract file: http:&#47;&#47;i.imgur.com&#47;Q9FPUfa.gifv','1-08-6323373-43','2-08-8555560-77','',1,'2017-08-31 00:12:37'),(548,5,86,6,'The Shadow And The Sunlight','A Masamune&#47;Katana contract with two target on different sides of the map with on having to be eliminated in the Suit and the other in a Ninja disguise. Difficult but not tedious.','','','3-10-5358709-41',2,'2017-09-01 09:35:20'),(549,95,86,6,'Off The List','Contract file: https:&#47;&#47;i.imgur.com&#47;LdbeQET.png','','2-10-9618806-77','',1,'2017-09-03 20:57:55'),(550,95,83,6,'Two Expendable Men','Contract file: http:&#47;&#47;i.imgur.com&#47;XksRmPE.png','','2-06-9859639-77','',2,'2017-09-06 00:32:29'),(551,22,82,6,'A Crossed Swords Puzzle','Steal some mansion staff clothing, shoot down the sabers in the Caruso dining room, and use them in a couple of assassination.','FEATURED','FEATURED','FEATURED',3,'2017-09-10 10:03:17'),(552,52,80,6,'Explosive Precision','Suit only explosion contract. ','1-01-2608662-43','','',3,'2017-09-16 16:12:46'),(553,95,82,6,'Curiosity Killed The Cat','Contract file: https:&#47;&#47;i.imgur.com&#47;WAKvYNp.jpg','','2-03-5730850-77','',4,'2017-09-17 07:59:31'),(554,180,82,6,'47, you&#39;ve really lost it this time!','47, You&#39;ve really lost it this time!  Do you really think you can continue filming an 80&#39;s TV show without the main actor?  I mean... come on!Lee Majors was an icon!.... and its 30 years later!\r<br>\r<br>Audition these promising thespians for a new series of &#39;The Fall Guy&#39; 47.... NOW!','1-03-8140741-07','','',5,'2017-10-06 10:43:01'),(555,22,85,6,'Perimeter Watch','Three freeform kills on lone Colorado perimeter guards equally spaced in a triangle around the compound.','1-09-0200904-68','','',3,'2017-10-06 15:09:49'),(556,180,87,6,'Counter Offer','A hit was put out on Dino Bosco as you know 47 but Bosco got word of this and made us a counter offer. These 3 culprets are the real menace.  Poor Bosco just wants to do his job but he&#39;s surrounded by amateurs!  Deal with these 3 targets... Bosco&#39;s paying us double and as you know 47, only money matters!','1-05-1892833-07','','',3,'2017-10-07 13:57:27'),(557,180,89,6,'Professional what?','As you know 47, being professional is everything.\r<br>\r<br>Teach these amateurs a lesson, lazy worthless slacking scum!','1-04-7159060-07','','',4,'2017-10-08 06:18:07'),(558,180,81,6,'Making my skin crawl.','This group of undercover tattoo artists have infiltrated staff at the manor and are intent on drumming up new business for their locally owned shop since the ink business is... drying up lately due to a devastating ink supply shortage.  They are trying to talk colleagues into getting inked up.  Don&#39;t laugh 47, this is serious!\r<br>\r<br>Anyway, I want them all dead.... DEAD 47.... they&#39;re wasting valuable INK!!','1-02-1159279-07','','',5,'2017-10-09 18:39:41'),(559,67,86,6,'Chop Chop I: Shinobi Iri','Tough Katana&#47;Ninja contract.','','','3-10-0901454-88',2,'2017-10-26 05:55:25'),(560,67,86,6,'Chop Chop II: Kenjutsu','Another tough Katana&#47;Ninja contract.','','','3-10-0901454-88',2,'2017-10-26 05:57:10'),(561,67,86,6,'Konishi&#39;s Revenge','Any&#47;Any - Konishi the waiter gets his revenge on some rich *holes.','','','3-10-3544892-88',4,'2017-10-26 05:58:50'),(562,67,85,6,'The Killing Field','Any&#47;Any Colorado contract with a variety of approaches.','','','3-09-0608474-88',5,'2017-10-26 06:00:14'),(563,67,86,6,'The First Cut','Masamune&#47;Surgeon contract. Defend Diana&#39;s honour.','','','3-10-7690339-88',5,'2017-10-26 06:01:54'),(564,67,89,6,'Helter Skelter','Fast &#39;tower&#39; contract based around a feud between the two Sapienza hippies.','','','3-04-8640673-88',5,'2017-10-26 06:03:36'),(565,67,84,6,'This luxury hotel has no elevators','Any&#47;Any Himmapan excursion.','','','3-08-5794550-88',5,'2017-10-26 06:05:20'),(566,67,84,6,'Shenanigans (AKA Unhappy Accidents)','Accidents and Security guards, as Parun seeks some revenge on fun-loving work colleagues.','','','3-08-0623418-88',5,'2017-10-26 06:07:41'),(567,67,87,6,'The Sagese Brothers','Might as well hold fire on that paternity test.','','','3-05-1164789-88',3,'2017-10-26 06:08:29'),(568,67,89,6,'A Time to Kill','Any&#47;Any - fast Landslide contract.','','','3-04-6968599-88',5,'2017-10-26 06:09:40'),(569,31,88,6,'Flashy Dawn In Paradise','A contract focused in SO that allows to lure the targets easily to many kill spots. All the kills are for any method. ','','','3-07-5028639-96',5,'2017-10-30 11:19:39'),(570,31,82,6,'OSHA Standards','Focused in causing accidents in the laboratory are along with one target in the harbor and other at the ruins. Any kind of accident and wearing any outfit.  ','','','3-03-2276960-96',4,'2017-10-30 11:21:42'),(571,47,86,6,'Do I Know You?','','FEATURED','FEATURED','FEATURED',4,'2017-10-31 11:32:54'),(572,132,81,6,'The Real Kurt and his Many Brothers (NOT)','The real Kurt has many identical twins, that have made him confused. He asked to kill them... but has was so confused that he also asked to kill him as well. Strange, but a contract&#39;s a contract.','1-02-4265059-44','','',5,'2017-11-03 05:45:05'),(573,22,89,6,'The Most Devout','Good evening, 47. The three targets in your dossier are claimed by our client to be the three most spiritual individuals in all of Sapienza. We are told that this is reason for their elimination.\r<br>\r<br>This justification is unclear at best, and we would normally demand that the client explain their reasons... but when a contract comes directly from the Vatican, we can occasionally make exceptions.','1-04-1612819-58','','',3,'2017-11-13 00:21:15'),(574,191,80,6,'developper','','','','',1,'2017-11-20 15:18:17'),(575,18,86,6,'A Chip On His Shoulder','Good evening, 47. Our client is The Curator at the GAMA Hospital. Forced by the Director to receive a neural implant as part of an unauthorised medical trial, his life has turned upside down. Wracked by thoughts of suicide and paranoia he can no longer distinguish work from leisure. The effect of the chip have been devastating and it&#39;s time to wreak havoc on the Director and the research aide tasked with detailing his every thought. The new doctor is also likely spying on him. Good luck, 47.','','','3-10-9799559-09',3,'2017-12-07 06:11:34'),(576,13,82,6,'The Cleaner','Any Weapon, Any Disguise','1-03-6815983-93','','',4,'2018-01-01 13:07:53'),(577,13,82,6,'Sweet run, mate','Any Weapon, Any Disguise\r<br>\r<br>Mission must be completed within 1:47','1-03-1407913-93','','',4,'2018-01-01 13:08:49'),(578,13,84,6,'No Flow','Any Weapon, Any Disguise','1-08-8167014-93','','',4,'2018-01-01 13:09:21'),(579,13,81,6,'Shootin&#39; Up','Any Weapon, Any Disguise\r<br>\r<br>Mission must be completed within 4:20','1-02-4090190-93','','',5,'2018-01-01 13:10:24'),(580,13,86,6,'Hokkaido Is Not Bad','Any Weapon, Any Disguise','1-10-1095147-93','','',5,'2018-01-01 13:12:15'),(581,13,84,6,'When you&#39;re big in Bangkok','Any Weapon, Any Disguise','1-08-5045787-93','','',5,'2018-01-01 13:13:07'),(582,13,83,6,'At your own pace v.2','Any Weapon, Any Disguise\r<br>\r<br>No Disguise Changes - If you change your starting disguise at any point you will immediately fail the mission.','1-06-5774637-93','','',4,'2018-01-01 13:15:37'),(583,13,82,6,'The Square','Any Weapon, Any Disguise','1-03-3785651-93','','',4,'2018-01-01 13:17:09'),(584,13,81,6,'When in Paris','Any Weapon, Any Disguise\r<br>\r<br>Probably the favourite contract that i&#39;ve made :)','1-02-5026655-93','','',5,'2018-01-01 13:18:26'),(585,13,81,6,'The Axe','Target 1 - Battle Axe &#47; Any Disguise\r<br>Target 2 - Any Method &#47; Chef','1-02-7172752-93','','',2,'2018-01-01 13:20:26'),(586,203,81,6,'Practical Problems','Kill Dalia Margolis while disguised as the Sheikh with a shotgun. Don&#39;t get recorded and use the speedboat exit','1-02-1148308-01','','',1,'2018-03-03 14:25:22'),(587,15,82,6,'Alvo Youtube','Title in portuguese.\r<br>Translation: Youtube Target','','2-03-6407047-57','',4,'2018-03-04 22:49:46'),(590,15,87,6,'Morte nas Filmagens','Title in portuguese.\r<br>Translation: Death on the Recordings','','2-05-4787411-57','',5,'2018-03-04 22:54:15'),(591,15,81,6,'The Paris Robbery','Fun 4 targets contract with many ways to be completed.','1-02-2323130-88','','',4,'2018-04-04 02:36:50'),(593,22,89,6,'Frog Fractions 2','','FEATURED','FEATURED','FEATURED',3,'2018-04-18 23:37:02'),(594,22,82,6,'Signal Flare','This contract looks like you need to infiltrate Silvio&#39;s mansion while dressed as the hippie.  That&#39;s one way to complete it... but there is a quicker and more interesting way.  Par time is 3 minutes.','1-03-2146259-68','','',2,'2018-04-18 23:39:26'),(595,228,84,6,'Chain of Competition','A first attempt at putting together a challenging mission, which tasks you to take out four targets in a specific order.','1-08-7715336-01','','',4,'2018-05-02 23:10:07'),(596,270,82,6,'The Cultist','Good morning, 47. Your targer is Isaia Maita, the leader of Krest, a small religious movement. Out client&#39;s spouse was brutally murdered by the members of Krest and he wants to shed some blood in return. The client was weirdly specific  about the details as he wanted to make it all look as a sign from above. Good luck, 47.','','2-03-2668260-11','',1,'2019-01-23 11:21:08');
/*!40000 ALTER TABLE `Contracts` ENABLE KEYS */;
UNLOCK TABLES;

--
-- Table structure for table `ContractVideoLikes`
--

DROP TABLE IF EXISTS `ContractVideoLikes`;
/*!40101 SET @saved_cs_client     = @@character_set_client */;
 SET character_set_client = utf8mb4 ;
CREATE TABLE `ContractVideoLikes` (
  `UserId` int(11) NOT NULL,
  `ContractVideoId` int(11) NOT NULL,
  PRIMARY KEY (`UserId`,`ContractVideoId`),
  KEY `fk_Users_has_ContractVideos_ContractVideos1_idx` (`ContractVideoId`),
  KEY `fk_Users_has_ContractVideos_Users1_idx` (`UserId`),
  CONSTRAINT `fk_Users_has_ContractVideos_ContractVideos1` FOREIGN KEY (`ContractVideoId`) REFERENCES `ContractVideos` (`ContractVideoId`),
  CONSTRAINT `fk_Users_has_ContractVideos_Users1` FOREIGN KEY (`UserId`) REFERENCES `Users` (`UserId`)
) ENGINE=InnoDB DEFAULT CHARSET=utf8;
/*!40101 SET character_set_client = @saved_cs_client */;

--
-- Dumping data for table `ContractVideoLikes`
--

LOCK TABLES `ContractVideoLikes` WRITE;
/*!40000 ALTER TABLE `ContractVideoLikes` DISABLE KEYS */;
/*!40000 ALTER TABLE `ContractVideoLikes` ENABLE KEYS */;
UNLOCK TABLES;

--
-- Table structure for table `ContractVideos`
--

DROP TABLE IF EXISTS `ContractVideos`;
/*!40101 SET @saved_cs_client     = @@character_set_client */;
 SET character_set_client = utf8mb4 ;
CREATE TABLE `ContractVideos` (
  `ContractVideoId` int(11) NOT NULL AUTO_INCREMENT,
  `ContractId` int(11) NOT NULL,
  `UserId` int(11) NOT NULL,
  `ContractVideoLink` varchar(255) DEFAULT NULL,
  `ContractVideoTime` time DEFAULT NULL,
  PRIMARY KEY (`ContractVideoId`),
  UNIQUE KEY `ContractVideoId_UNIQUE` (`ContractVideoId`),
  KEY `fk_Contracts_has_Users_Users2_idx` (`UserId`),
  KEY `fk_Contracts_has_Users_Contracts2_idx` (`ContractId`),
  CONSTRAINT `fk_Contracts_has_Users_Contracts2` FOREIGN KEY (`ContractId`) REFERENCES `Contracts` (`ContractId`),
  CONSTRAINT `fk_Contracts_has_Users_Users2` FOREIGN KEY (`UserId`) REFERENCES `Users` (`UserId`)
) ENGINE=InnoDB DEFAULT CHARSET=utf8;
/*!40101 SET character_set_client = @saved_cs_client */;

--
-- Dumping data for table `ContractVideos`
--

LOCK TABLES `ContractVideos` WRITE;
/*!40000 ALTER TABLE `ContractVideos` DISABLE KEYS */;
/*!40000 ALTER TABLE `ContractVideos` ENABLE KEYS */;
UNLOCK TABLES;

--
-- Table structure for table `ContractVideoTags`
--

DROP TABLE IF EXISTS `ContractVideoTags`;
/*!40101 SET @saved_cs_client     = @@character_set_client */;
 SET character_set_client = utf8mb4 ;
CREATE TABLE `ContractVideoTags` (
  `ContractVideoId` int(11) NOT NULL,
  `TagId` int(11) NOT NULL,
  PRIMARY KEY (`ContractVideoId`,`TagId`),
  KEY `fk_VideoTags_has_ContractVideos_ContractVideos1_idx` (`ContractVideoId`),
  KEY `fk_VideoTags_has_ContractVideos_VideoTags1_idx` (`TagId`),
  CONSTRAINT `fk_VideoTags_has_ContractVideos_ContractVideos1` FOREIGN KEY (`ContractVideoId`) REFERENCES `ContractVideos` (`ContractVideoId`),
  CONSTRAINT `fk_VideoTags_has_ContractVideos_VideoTags1` FOREIGN KEY (`TagId`) REFERENCES `VideoTags` (`TagId`)
) ENGINE=InnoDB DEFAULT CHARSET=utf8;
/*!40101 SET character_set_client = @saved_cs_client */;

--
-- Dumping data for table `ContractVideoTags`
--

LOCK TABLES `ContractVideoTags` WRITE;
/*!40000 ALTER TABLE `ContractVideoTags` DISABLE KEYS */;
/*!40000 ALTER TABLE `ContractVideoTags` ENABLE KEYS */;
UNLOCK TABLES;

--
-- Table structure for table `ElusiveCommentLikes`
--

DROP TABLE IF EXISTS `ElusiveCommentLikes`;
/*!40101 SET @saved_cs_client     = @@character_set_client */;
 SET character_set_client = utf8mb4 ;
CREATE TABLE `ElusiveCommentLikes` (
  `ElusiveCommentId` int(11) NOT NULL,
  `UserId` int(11) NOT NULL,
  PRIMARY KEY (`ElusiveCommentId`,`UserId`),
  KEY `fk_ElusiveComments_has_Users_Users1_idx` (`UserId`),
  KEY `fk_ElusiveComments_has_Users_ElusiveComments1_idx` (`ElusiveCommentId`),
  CONSTRAINT `fk_ElusiveComments_has_Users_ElusiveComments1` FOREIGN KEY (`ElusiveCommentId`) REFERENCES `ElusiveComments` (`ElusiveCommentId`),
  CONSTRAINT `fk_ElusiveComments_has_Users_Users1` FOREIGN KEY (`UserId`) REFERENCES `Users` (`UserId`)
) ENGINE=InnoDB DEFAULT CHARSET=utf8;
/*!40101 SET character_set_client = @saved_cs_client */;

--
-- Dumping data for table `ElusiveCommentLikes`
--

LOCK TABLES `ElusiveCommentLikes` WRITE;
/*!40000 ALTER TABLE `ElusiveCommentLikes` DISABLE KEYS */;
/*!40000 ALTER TABLE `ElusiveCommentLikes` ENABLE KEYS */;
UNLOCK TABLES;

--
-- Table structure for table `ElusiveComments`
--

DROP TABLE IF EXISTS `ElusiveComments`;
/*!40101 SET @saved_cs_client     = @@character_set_client */;
 SET character_set_client = utf8mb4 ;
CREATE TABLE `ElusiveComments` (
  `ElusiveCommentId` int(11) NOT NULL AUTO_INCREMENT,
  `UserId` int(11) NOT NULL,
  `ElusiveId` int(11) NOT NULL,
  `ElusiveCommentText` text,
  PRIMARY KEY (`ElusiveCommentId`),
  UNIQUE KEY `ElusiveCommentId_UNIQUE` (`ElusiveCommentId`),
  KEY `fk_Users_has_Elusives_Elusives1_idx` (`ElusiveId`),
  KEY `fk_Users_has_Elusives_Users1_idx` (`UserId`),
  CONSTRAINT `fk_Users_has_Elusives_Elusives1` FOREIGN KEY (`ElusiveId`) REFERENCES `Elusives` (`ElusiveId`),
  CONSTRAINT `fk_Users_has_Elusives_Users1` FOREIGN KEY (`UserId`) REFERENCES `Users` (`UserId`)
) ENGINE=InnoDB DEFAULT CHARSET=utf8;
/*!40101 SET character_set_client = @saved_cs_client */;

--
-- Dumping data for table `ElusiveComments`
--

LOCK TABLES `ElusiveComments` WRITE;
/*!40000 ALTER TABLE `ElusiveComments` DISABLE KEYS */;
/*!40000 ALTER TABLE `ElusiveComments` ENABLE KEYS */;
UNLOCK TABLES;

--
-- Table structure for table `ElusiveRatings`
--

DROP TABLE IF EXISTS `ElusiveRatings`;
/*!40101 SET @saved_cs_client     = @@character_set_client */;
 SET character_set_client = utf8mb4 ;
CREATE TABLE `ElusiveRatings` (
  `ElusiveId` int(11) NOT NULL,
  `UserId` int(11) NOT NULL,
  `RatingScore` int(11) DEFAULT NULL,
  PRIMARY KEY (`ElusiveId`,`UserId`),
  KEY `fk_Elusives_has_Users_Users1_idx` (`UserId`),
  KEY `fk_Elusives_has_Users_Elusives1_idx` (`ElusiveId`),
  CONSTRAINT `fk_Elusives_has_Users_Elusives1` FOREIGN KEY (`ElusiveId`) REFERENCES `Elusives` (`ElusiveId`),
  CONSTRAINT `fk_Elusives_has_Users_Users1` FOREIGN KEY (`UserId`) REFERENCES `Users` (`UserId`)
) ENGINE=InnoDB DEFAULT CHARSET=utf8;
/*!40101 SET character_set_client = @saved_cs_client */;

--
-- Dumping data for table `ElusiveRatings`
--

LOCK TABLES `ElusiveRatings` WRITE;
/*!40000 ALTER TABLE `ElusiveRatings` DISABLE KEYS */;
INSERT INTO `ElusiveRatings` VALUES (1,4,4),(1,5,4),(1,10,3),(1,17,4),(1,20,2),(1,21,4),(1,22,4),(1,25,4),(1,31,4),(1,37,4),(1,38,4),(1,39,4),(1,47,1),(1,50,3),(1,74,3),(1,76,5),(1,82,4),(1,106,1),(1,124,4),(1,125,3),(2,4,3),(2,5,4),(2,13,2),(2,17,4),(2,20,3),(2,21,5),(2,22,4),(2,25,4),(2,31,4),(2,37,4),(2,38,4),(2,39,4),(2,47,4),(2,50,4),(2,74,4),(2,76,5),(2,82,5),(2,112,4),(2,124,3),(2,125,4),(3,4,4),(3,5,5),(3,10,5),(3,13,5),(3,15,5),(3,17,5),(3,20,5),(3,21,5),(3,22,5),(3,25,5),(3,31,5),(3,37,5),(3,38,5),(3,39,4),(3,47,5),(3,50,5),(3,74,5),(3,76,5),(3,82,5),(3,112,5),(3,124,4),(3,125,5),(4,4,1),(4,5,2),(4,10,2),(4,15,1),(4,17,4),(4,20,2),(4,21,1),(4,22,3),(4,25,2),(4,31,3),(4,37,1),(4,38,3),(4,39,3),(4,47,1),(4,50,2),(4,74,2),(4,76,4),(4,82,3),(4,106,1),(4,112,1),(4,125,3),(5,4,1),(5,5,2),(5,10,2),(5,17,1),(5,20,3),(5,21,1),(5,22,3),(5,25,1),(5,31,3),(5,37,2),(5,38,3),(5,39,2),(5,47,1),(5,50,3),(5,74,1),(5,76,3),(5,82,2),(5,106,5),(5,125,2),(6,4,3),(6,5,5),(6,10,4),(6,13,4),(6,15,5),(6,17,4),(6,20,4),(6,21,4),(6,22,4),(6,25,4),(6,31,5),(6,37,5),(6,38,5),(6,39,5),(6,47,5),(6,50,5),(6,74,5),(6,76,5),(6,82,4),(6,112,5),(6,125,5),(7,4,4),(7,5,4),(7,10,4),(7,13,4),(7,15,4),(7,17,4),(7,20,3),(7,21,4),(7,22,3),(7,25,4),(7,31,4),(7,37,4),(7,38,4),(7,39,3),(7,47,3),(7,50,3),(7,74,3),(7,76,3),(7,82,3),(7,125,4),(8,4,4),(8,5,5),(8,10,5),(8,13,4),(8,17,4),(8,20,4),(8,21,4),(8,22,3),(8,25,4),(8,31,4),(8,37,5),(8,39,3),(8,47,4),(8,50,5),(8,74,4),(8,76,5),(8,82,4),(8,125,4),(9,4,3),(9,5,4),(9,10,3),(9,13,5),(9,15,5),(9,17,5),(9,20,4),(9,21,4),(9,22,4),(9,25,4),(9,31,4),(9,37,5),(9,38,4),(9,39,4),(9,47,4),(9,50,3),(9,74,3),(9,76,5),(9,125,3),(9,180,5),(10,4,3),(10,5,3),(10,10,3),(10,13,3),(10,17,3),(10,20,3),(10,21,4),(10,22,3),(10,25,3),(10,31,4),(10,37,4),(10,38,4),(10,39,3),(10,47,3),(10,50,4),(10,72,4),(10,74,3),(10,76,3),(10,125,3),(11,4,1),(11,5,3),(11,10,2),(11,15,2),(11,17,1),(11,20,4),(11,21,3),(11,22,1),(11,25,1),(11,31,4),(11,37,2),(11,38,1),(11,39,1),(11,47,2),(11,50,1),(11,54,2),(11,74,4),(11,76,4),(11,82,4),(11,101,1),(11,125,5),(11,180,5),(12,4,3),(12,5,4),(12,10,3),(12,13,3),(12,17,3),(12,20,3),(12,21,4),(12,22,2),(12,25,4),(12,31,4),(12,37,3),(12,38,3),(12,39,3),(12,47,3),(12,50,3),(12,54,4),(12,74,3),(12,76,4),(12,82,3),(12,101,2),(12,125,3),(13,4,3),(13,5,4),(13,10,3),(13,13,4),(13,15,3),(13,17,4),(13,20,1),(13,21,4),(13,22,1),(13,25,3),(13,31,4),(13,37,3),(13,38,2),(13,39,3),(13,47,1),(13,50,2),(13,54,3),(13,74,3),(13,76,4),(13,82,4),(13,101,2),(13,125,3),(14,4,4),(14,5,4),(14,10,3),(14,17,3),(14,20,3),(14,21,4),(14,22,3),(14,25,4),(14,28,4),(14,31,4),(14,36,3),(14,37,4),(14,38,4),(14,39,4),(14,47,4),(14,50,4),(14,54,4),(14,74,4),(14,76,4),(14,82,4),(14,101,4),(14,112,4),(14,125,3),(15,4,4),(15,5,5),(15,10,3),(15,13,5),(15,17,3),(15,20,4),(15,21,4),(15,22,5),(15,25,4),(15,28,3),(15,31,5),(15,36,3),(15,37,4),(15,38,4),(15,39,4),(15,47,1),(15,50,3),(15,54,4),(15,74,3),(15,76,3),(15,82,4),(15,101,5),(15,112,5),(15,125,4),(16,4,3),(16,5,4),(16,10,4),(16,13,5),(16,16,4),(16,17,4),(16,20,4),(16,21,5),(16,22,4),(16,25,4),(16,28,5),(16,31,4),(16,36,4),(16,37,4),(16,38,4),(16,39,5),(16,47,4),(16,50,4),(16,54,5),(16,74,4),(16,76,5),(16,82,4),(16,101,5),(16,106,5),(16,112,4),(16,125,4),(17,4,2),(17,5,2),(17,10,3),(17,13,2),(17,16,3),(17,17,2),(17,20,3),(17,21,3),(17,22,2),(17,23,1),(17,25,3),(17,28,2),(17,31,3),(17,36,3),(17,37,2),(17,38,2),(17,39,3),(17,47,3),(17,50,2),(17,52,3),(17,54,3),(17,74,2),(17,76,3),(17,82,3),(17,101,3),(17,125,3),(17,180,1),(18,4,2),(18,5,1),(18,10,3),(18,15,2),(18,16,3),(18,17,1),(18,20,1),(18,21,1),(18,22,3),(18,23,3),(18,25,3),(18,28,3),(18,31,3),(18,36,3),(18,37,3),(18,38,2),(18,39,3),(18,47,2),(18,50,2),(18,52,2),(18,54,1),(18,74,2),(18,76,2),(18,82,3),(18,101,3),(18,125,2),(19,4,2),(19,5,4),(19,10,3),(19,13,5),(19,15,3),(19,16,4),(19,17,3),(19,20,3),(19,21,4),(19,22,3),(19,23,4),(19,25,4),(19,28,3),(19,31,4),(19,36,3),(19,37,4),(19,38,4),(19,39,4),(19,47,3),(19,50,3),(19,52,3),(19,54,4),(19,57,3),(19,74,3),(19,76,4),(19,82,3),(19,101,4),(19,124,3),(19,125,3),(20,4,3),(20,5,5),(20,10,4),(20,13,3),(20,15,4),(20,16,4),(20,17,4),(20,20,5),(20,21,3),(20,22,5),(20,23,3),(20,25,5),(20,28,3),(20,31,5),(20,36,4),(20,37,4),(20,38,4),(20,39,4),(20,47,1),(20,50,4),(20,52,3),(20,54,4),(20,57,4),(20,74,4),(20,76,5),(20,82,4),(20,101,4),(20,112,5),(20,124,4),(20,125,4),(21,4,4),(21,5,4),(21,10,3),(21,13,3),(21,15,4),(21,16,4),(21,17,3),(21,20,4),(21,21,4),(21,22,4),(21,23,4),(21,25,4),(21,28,4),(21,31,5),(21,35,4),(21,36,4),(21,37,4),(21,38,4),(21,39,5),(21,47,4),(21,50,5),(21,52,4),(21,54,3),(21,57,3),(21,74,4),(21,76,5),(21,82,4),(21,101,5),(21,125,4),(22,4,3),(22,5,4),(22,7,3),(22,10,3),(22,13,4),(22,15,2),(22,16,2),(22,17,2),(22,20,5),(22,21,3),(22,22,4),(22,23,1),(22,25,3),(22,26,5),(22,28,2),(22,31,3),(22,35,3),(22,36,3),(22,37,4),(22,38,4),(22,39,3),(22,47,1),(22,50,2),(22,52,2),(22,54,3),(22,57,2),(22,72,1),(22,74,2),(22,76,3),(22,82,4),(22,101,2),(22,102,1),(22,106,1),(22,112,3),(22,125,3),(23,4,2),(23,5,4),(23,15,3),(23,16,3),(23,20,4),(23,21,4),(23,22,3),(23,23,3),(23,28,4),(23,31,3),(23,39,3),(23,47,3),(23,52,4),(23,82,4),(23,124,3),(23,125,3),(24,4,1),(24,5,3),(24,20,4),(24,21,4),(24,22,4),(24,28,1),(24,31,5),(24,39,2),(24,47,1),(24,52,3),(24,82,2),(24,149,2),(25,4,4),(25,5,5),(25,15,4),(25,21,5),(25,28,5),(25,31,5),(25,39,4),(25,82,1),(25,149,4),(26,4,4),(26,5,4),(26,21,4),(26,28,4),(26,39,4),(26,82,4),(26,109,5),(26,149,4);
/*!40000 ALTER TABLE `ElusiveRatings` ENABLE KEYS */;
UNLOCK TABLES;

--
-- Table structure for table `Elusives`
--

DROP TABLE IF EXISTS `Elusives`;
/*!40101 SET @saved_cs_client     = @@character_set_client */;
 SET character_set_client = utf8mb4 ;
CREATE TABLE `Elusives` (
  `ElusiveId` int(11) NOT NULL AUTO_INCREMENT,
  `ElusiveTitle` varchar(45) NOT NULL,
  `ElusiveAbout` text,
  `ElusiveDate` datetime DEFAULT NULL,
  `ElusiveDateH2` datetime DEFAULT NULL,
  `ElusiveFullName` varchar(45) DEFAULT NULL,
  `MissionId` int(11) NOT NULL,
  PRIMARY KEY (`ElusiveId`),
  UNIQUE KEY `ElusiveId_UNIQUE` (`ElusiveId`),
  KEY `fk_Elusives_Missions1_idx` (`MissionId`),
  CONSTRAINT `fk_Elusives_Missions1` FOREIGN KEY (`MissionId`) REFERENCES `Missions` (`MissionId`)
) ENGINE=InnoDB AUTO_INCREMENT=27 DEFAULT CHARSET=utf8;
/*!40101 SET character_set_client = @saved_cs_client */;

--
-- Dumping data for table `Elusives`
--

LOCK TABLES `Elusives` WRITE;
/*!40000 ALTER TABLE `Elusives` DISABLE KEYS */;
INSERT INTO `Elusives` VALUES (1,'The Forger',NULL,'2016-05-13 00:00:00',NULL,NULL,81),(2,'The Congressman',NULL,'2016-05-27 00:00:00',NULL,NULL,82),(3,'The Prince',NULL,'2016-06-08 00:00:00',NULL,NULL,82),(4,'The Sensation',NULL,'2016-06-14 00:00:00',NULL,NULL,81),(5,'The Gunrunner',NULL,'2016-07-01 00:00:00',NULL,NULL,83),(6,'The Twin',NULL,'2016-07-15 00:00:00',NULL,NULL,82),(7,'The Wildcard',NULL,'2016-07-21 00:00:00',NULL,NULL,82),(8,'The Broker',NULL,'2016-08-05 00:00:00',NULL,NULL,81),(9,'The Black Hat',NULL,'2016-08-26 00:00:00',NULL,NULL,81),(10,'The Pharmacist',NULL,'2016-09-16 00:00:00',NULL,NULL,81),(11,'The Fixer',NULL,'2016-10-12 00:00:00',NULL,NULL,83),(12,'The Identity Thief',NULL,'2016-10-21 00:00:00',NULL,NULL,81),(13,'The Ex-Dictator & The Gold Digger',NULL,'2016-11-01 00:00:00',NULL,NULL,84),(14,'The Chef',NULL,'2016-11-14 00:00:00',NULL,NULL,81),(15,'The Angel of Death',NULL,'2016-12-02 00:00:00',NULL,NULL,83),(16,'The Guru',NULL,'2016-12-16 00:00:00',NULL,NULL,82),(17,'The Food Critic',NULL,'2016-12-30 00:00:00',NULL,NULL,84),(18,'The Chameleon',NULL,'2017-01-13 00:00:00',NULL,NULL,85),(19,'The Blackmailer',NULL,'2017-01-27 00:00:00',NULL,NULL,81),(20,'The Warlord',NULL,'2017-02-10 00:00:00',NULL,NULL,84),(21,'The Doctor & The Surgeon',NULL,'2017-02-24 00:00:00',NULL,NULL,86),(22,'The Bookkeeper',NULL,'2017-03-17 00:00:00',NULL,NULL,85),(23,'The Paparazzo',NULL,'2017-04-07 00:00:00',NULL,NULL,81),(24,'The Bad Boy',NULL,'2017-05-05 00:00:00',NULL,NULL,87),(25,'The Fugitive',NULL,'2017-06-23 00:00:00',NULL,NULL,86),(26,'The Entertainer',NULL,'2017-07-14 00:00:00',NULL,NULL,88);
/*!40000 ALTER TABLE `Elusives` ENABLE KEYS */;
UNLOCK TABLES;

--
-- Table structure for table `ElusiveVideoLikes`
--

DROP TABLE IF EXISTS `ElusiveVideoLikes`;
/*!40101 SET @saved_cs_client     = @@character_set_client */;
 SET character_set_client = utf8mb4 ;
CREATE TABLE `ElusiveVideoLikes` (
  `ElusiveVideoId` int(11) NOT NULL,
  `UserId` int(11) NOT NULL,
  PRIMARY KEY (`ElusiveVideoId`,`UserId`),
  KEY `fk_ElusiveVideos_has_Users_Users1_idx` (`UserId`),
  KEY `fk_ElusiveVideos_has_Users_ElusiveVideos1_idx` (`ElusiveVideoId`),
  CONSTRAINT `fk_ElusiveVideos_has_Users_ElusiveVideos1` FOREIGN KEY (`ElusiveVideoId`) REFERENCES `ElusiveVideos` (`ElusiveVideoId`),
  CONSTRAINT `fk_ElusiveVideos_has_Users_Users1` FOREIGN KEY (`UserId`) REFERENCES `Users` (`UserId`)
) ENGINE=InnoDB DEFAULT CHARSET=utf8;
/*!40101 SET character_set_client = @saved_cs_client */;

--
-- Dumping data for table `ElusiveVideoLikes`
--

LOCK TABLES `ElusiveVideoLikes` WRITE;
/*!40000 ALTER TABLE `ElusiveVideoLikes` DISABLE KEYS */;
/*!40000 ALTER TABLE `ElusiveVideoLikes` ENABLE KEYS */;
UNLOCK TABLES;

--
-- Table structure for table `ElusiveVideos`
--

DROP TABLE IF EXISTS `ElusiveVideos`;
/*!40101 SET @saved_cs_client     = @@character_set_client */;
 SET character_set_client = utf8mb4 ;
CREATE TABLE `ElusiveVideos` (
  `ElusiveVideoId` int(11) NOT NULL AUTO_INCREMENT,
  `UserId` int(11) NOT NULL,
  `ElusiveId` int(11) NOT NULL,
  `ElusiveVideoLink` varchar(255) DEFAULT NULL,
  `ElusiveVideoTime` time DEFAULT NULL,
  PRIMARY KEY (`ElusiveVideoId`),
  UNIQUE KEY `ElusiveVideoId_UNIQUE` (`ElusiveVideoId`),
  KEY `fk_Users_has_Elusives_Elusives2_idx` (`ElusiveId`),
  KEY `fk_Users_has_Elusives_Users2_idx` (`UserId`),
  CONSTRAINT `fk_Users_has_Elusives_Elusives2` FOREIGN KEY (`ElusiveId`) REFERENCES `Elusives` (`ElusiveId`),
  CONSTRAINT `fk_Users_has_Elusives_Users2` FOREIGN KEY (`UserId`) REFERENCES `Users` (`UserId`)
) ENGINE=InnoDB DEFAULT CHARSET=utf8;
/*!40101 SET character_set_client = @saved_cs_client */;

--
-- Dumping data for table `ElusiveVideos`
--

LOCK TABLES `ElusiveVideos` WRITE;
/*!40000 ALTER TABLE `ElusiveVideos` DISABLE KEYS */;
/*!40000 ALTER TABLE `ElusiveVideos` ENABLE KEYS */;
UNLOCK TABLES;

--
-- Table structure for table `ElusiveVideoTags`
--

DROP TABLE IF EXISTS `ElusiveVideoTags`;
/*!40101 SET @saved_cs_client     = @@character_set_client */;
 SET character_set_client = utf8mb4 ;
CREATE TABLE `ElusiveVideoTags` (
  `ElusiveVideoId` int(11) NOT NULL,
  `TagId` int(11) NOT NULL,
  PRIMARY KEY (`ElusiveVideoId`,`TagId`),
  KEY `fk_VideoTags_has_ElusiveVideos_ElusiveVideos1_idx` (`ElusiveVideoId`),
  KEY `fk_VideoTags_has_ElusiveVideos_VideoTags1_idx` (`TagId`),
  CONSTRAINT `fk_VideoTags_has_ElusiveVideos_ElusiveVideos1` FOREIGN KEY (`ElusiveVideoId`) REFERENCES `ElusiveVideos` (`ElusiveVideoId`),
  CONSTRAINT `fk_VideoTags_has_ElusiveVideos_VideoTags1` FOREIGN KEY (`TagId`) REFERENCES `VideoTags` (`TagId`)
) ENGINE=InnoDB DEFAULT CHARSET=utf8;
/*!40101 SET character_set_client = @saved_cs_client */;

--
-- Dumping data for table `ElusiveVideoTags`
--

LOCK TABLES `ElusiveVideoTags` WRITE;
/*!40000 ALTER TABLE `ElusiveVideoTags` DISABLE KEYS */;
/*!40000 ALTER TABLE `ElusiveVideoTags` ENABLE KEYS */;
UNLOCK TABLES;

--
-- Table structure for table `EscalationCommentLikes`
--

DROP TABLE IF EXISTS `EscalationCommentLikes`;
/*!40101 SET @saved_cs_client     = @@character_set_client */;
 SET character_set_client = utf8mb4 ;
CREATE TABLE `EscalationCommentLikes` (
  `EscalationCommentId` int(11) NOT NULL,
  `UserId` int(11) NOT NULL,
  PRIMARY KEY (`EscalationCommentId`,`UserId`),
  KEY `fk_EscalationComments_has_Users_Users1_idx` (`UserId`),
  KEY `fk_EscalationComments_has_Users_EscalationComments1_idx` (`EscalationCommentId`),
  CONSTRAINT `fk_EscalationComments_has_Users_EscalationComments1` FOREIGN KEY (`EscalationCommentId`) REFERENCES `EscalationComments` (`EscalationCommentId`),
  CONSTRAINT `fk_EscalationComments_has_Users_Users1` FOREIGN KEY (`UserId`) REFERENCES `Users` (`UserId`)
) ENGINE=InnoDB DEFAULT CHARSET=utf8;
/*!40101 SET character_set_client = @saved_cs_client */;

--
-- Dumping data for table `EscalationCommentLikes`
--

LOCK TABLES `EscalationCommentLikes` WRITE;
/*!40000 ALTER TABLE `EscalationCommentLikes` DISABLE KEYS */;
/*!40000 ALTER TABLE `EscalationCommentLikes` ENABLE KEYS */;
UNLOCK TABLES;

--
-- Table structure for table `EscalationComments`
--

DROP TABLE IF EXISTS `EscalationComments`;
/*!40101 SET @saved_cs_client     = @@character_set_client */;
 SET character_set_client = utf8mb4 ;
CREATE TABLE `EscalationComments` (
  `EscalationCommentId` int(11) NOT NULL AUTO_INCREMENT,
  `EscalationId` int(11) NOT NULL,
  `UserId` int(11) NOT NULL,
  `EscalationCommentText` text,
  PRIMARY KEY (`EscalationCommentId`),
  UNIQUE KEY `EscalationCommentId_UNIQUE` (`EscalationCommentId`),
  KEY `fk_Escalations_has_Users_Users1_idx` (`UserId`),
  KEY `fk_Escalations_has_Users_Escalations1_idx` (`EscalationId`),
  CONSTRAINT `fk_Escalations_has_Users_Escalations1` FOREIGN KEY (`EscalationId`) REFERENCES `Escalations` (`EscalationId`),
  CONSTRAINT `fk_Escalations_has_Users_Users1` FOREIGN KEY (`UserId`) REFERENCES `Users` (`UserId`)
) ENGINE=InnoDB DEFAULT CHARSET=utf8;
/*!40101 SET character_set_client = @saved_cs_client */;

--
-- Dumping data for table `EscalationComments`
--

LOCK TABLES `EscalationComments` WRITE;
/*!40000 ALTER TABLE `EscalationComments` DISABLE KEYS */;
/*!40000 ALTER TABLE `EscalationComments` ENABLE KEYS */;
UNLOCK TABLES;

--
-- Table structure for table `EscalationRatings`
--

DROP TABLE IF EXISTS `EscalationRatings`;
/*!40101 SET @saved_cs_client     = @@character_set_client */;
 SET character_set_client = utf8mb4 ;
CREATE TABLE `EscalationRatings` (
  `UserId` int(11) NOT NULL,
  `EscalationId` int(11) NOT NULL,
  `RatingScore` int(11) DEFAULT NULL,
  PRIMARY KEY (`UserId`,`EscalationId`),
  KEY `fk_Users_has_Escalations_Escalations1_idx` (`EscalationId`),
  KEY `fk_Users_has_Escalations_Users1_idx` (`UserId`),
  CONSTRAINT `fk_Users_has_Escalations_Escalations1` FOREIGN KEY (`EscalationId`) REFERENCES `Escalations` (`EscalationId`),
  CONSTRAINT `fk_Users_has_Escalations_Users1` FOREIGN KEY (`UserId`) REFERENCES `Users` (`UserId`)
) ENGINE=InnoDB DEFAULT CHARSET=utf8;
/*!40101 SET character_set_client = @saved_cs_client */;

--
-- Dumping data for table `EscalationRatings`
--

LOCK TABLES `EscalationRatings` WRITE;
/*!40000 ALTER TABLE `EscalationRatings` DISABLE KEYS */;
INSERT INTO `EscalationRatings` VALUES (4,1,3),(4,4,1),(4,7,2),(4,13,4),(4,21,2),(4,22,5),(4,23,4),(4,24,1),(4,27,3),(4,29,3),(4,34,5),(4,35,4),(4,36,4),(4,37,3),(4,38,2),(4,40,4),(4,41,3),(4,44,2),(4,48,4),(4,50,2),(5,2,3),(5,3,4),(5,4,4),(5,5,2),(5,7,2),(5,8,2),(5,9,4),(5,10,3),(5,11,3),(5,12,4),(5,13,2),(5,14,4),(5,15,3),(5,16,3),(5,17,4),(5,18,5),(5,19,3),(5,21,2),(5,22,4),(5,23,4),(5,24,1),(5,25,4),(5,29,1),(5,33,3),(5,34,4),(5,35,4),(5,38,1),(5,42,5),(15,18,5),(16,1,3),(16,2,3),(16,3,3),(16,4,3),(16,5,3),(16,6,3),(16,7,3),(16,8,3),(16,9,3),(16,10,3),(16,11,3),(16,12,4),(16,13,5),(16,14,4),(16,15,3),(16,16,3),(16,17,4),(16,18,4),(16,19,3),(16,20,3),(16,21,4),(16,22,4),(16,23,4),(16,24,1),(16,25,3),(16,26,4),(16,27,3),(16,28,2),(16,29,3),(16,30,3),(16,31,3),(16,32,4),(16,33,3),(16,34,4),(16,35,5),(16,36,4),(16,37,3),(16,38,1),(16,39,3),(16,40,4),(16,41,4),(16,42,3),(16,43,3),(16,44,2),(16,45,4),(16,46,4),(16,47,4),(16,48,5),(17,18,5),(17,22,5),(17,40,5),(19,24,1),(20,18,4),(20,29,1),(20,35,1),(20,38,5),(20,46,4),(20,47,4),(20,48,3),(20,49,3),(20,50,3),(21,1,3),(21,2,3),(21,3,3),(21,4,3),(21,5,3),(21,6,3),(21,7,3),(21,8,4),(21,9,3),(21,10,3),(21,11,3),(21,12,3),(21,13,5),(21,14,3),(21,15,3),(21,16,3),(21,17,3),(21,18,4),(21,19,3),(21,20,4),(21,21,2),(21,22,5),(21,23,3),(21,24,1),(21,25,4),(21,26,3),(21,27,3),(21,28,2),(21,29,2),(21,30,4),(21,31,3),(21,32,3),(21,33,4),(21,34,5),(21,35,4),(21,36,4),(21,37,3),(21,38,1),(21,39,4),(21,40,5),(21,41,4),(21,42,4),(21,43,4),(21,44,3),(21,45,4),(21,46,4),(21,47,4),(21,48,5),(21,49,3),(21,50,3),(21,51,4),(21,52,4),(22,18,5),(22,22,4),(22,24,2),(22,38,1),(22,41,4),(22,45,4),(22,46,5),(22,47,4),(22,48,4),(22,49,4),(22,51,4),(22,52,4),(28,18,5),(28,22,5),(28,46,5),(31,46,5),(31,47,5),(31,48,5),(31,51,4),(31,52,5),(31,53,4),(37,1,4),(37,2,3),(37,3,3),(37,4,4),(37,5,2),(37,6,3),(37,7,3),(37,8,3),(37,9,4),(37,10,3),(37,11,4),(37,12,4),(37,13,5),(37,14,4),(37,15,4),(37,16,3),(37,17,4),(37,18,5),(37,19,4),(37,20,4),(37,21,3),(37,22,5),(37,23,4),(37,24,3),(37,25,4),(37,26,4),(37,27,4),(37,28,3),(37,29,3),(37,30,5),(37,31,3),(37,32,3),(37,33,4),(37,34,4),(37,35,4),(37,36,4),(37,37,4),(37,38,4),(37,39,4),(37,40,5),(37,41,4),(37,42,5),(37,43,3),(37,44,4),(37,45,4),(37,46,5),(38,38,1),(39,1,4),(39,2,3),(39,3,2),(39,4,3),(39,5,2),(39,6,3),(39,7,3),(39,8,4),(39,9,3),(39,10,3),(39,11,2),(39,12,2),(39,13,1),(39,14,4),(39,15,2),(39,16,3),(39,17,4),(39,18,3),(39,19,2),(39,20,3),(39,21,2),(39,22,4),(39,23,4),(39,24,2),(39,25,5),(39,26,4),(39,27,2),(39,28,3),(39,29,2),(39,30,5),(39,31,1),(39,32,5),(39,33,3),(39,34,5),(39,35,3),(39,36,4),(39,37,4),(39,38,1),(39,39,4),(39,40,5),(39,41,4),(39,42,4),(39,43,3),(39,44,2),(39,45,4),(39,46,4),(39,47,3),(39,48,3),(39,49,4),(39,50,2),(39,51,3),(39,52,1),(39,53,3),(39,54,5),(39,55,3),(39,56,4),(44,39,4),(47,5,1),(47,18,3),(47,20,3),(47,24,1),(47,26,3),(47,28,3),(47,30,3),(47,31,3),(47,45,1),(50,1,3),(50,2,2),(50,3,2),(50,4,4),(50,5,3),(50,6,3),(50,7,3),(50,8,3),(50,9,4),(50,10,3),(50,11,4),(50,12,3),(50,13,4),(50,14,3),(50,15,3),(50,16,3),(50,18,4),(50,19,2),(50,21,2),(50,24,1),(50,25,4),(50,27,3),(50,28,1),(50,29,2),(50,33,4),(50,34,5),(50,36,5),(50,37,4),(50,38,2),(50,39,4),(50,40,4),(52,24,1),(52,38,1),(57,1,4),(57,2,4),(57,4,4),(57,30,4),(57,41,4),(74,5,1),(74,13,4),(74,18,5),(74,22,5),(74,36,4),(74,38,2),(74,44,2),(82,1,4),(82,2,4),(82,3,3),(82,4,3),(82,5,2),(82,13,5),(82,17,5),(82,18,4),(82,19,4),(82,20,4),(82,21,1),(82,24,1),(82,25,5),(82,26,3),(82,27,1),(82,28,3),(82,30,4),(82,31,4),(82,32,3),(82,34,4),(82,35,3),(82,37,3),(82,38,1),(82,39,4),(82,40,4),(82,41,4),(82,42,3),(82,43,4),(82,44,2),(82,45,5),(82,46,3),(82,47,4),(82,48,3),(82,49,4),(82,50,3),(82,51,5),(82,52,4),(82,53,3),(82,54,5),(82,55,3),(82,56,4),(99,42,1),(101,5,1),(101,35,2),(101,38,1),(101,39,5),(101,40,4),(101,41,5),(101,45,4),(102,40,5),(102,41,4),(104,2,5),(104,13,3),(104,18,3),(104,22,4),(104,25,5),(104,34,3),(104,39,5),(104,40,5),(104,47,5),(104,51,4),(106,46,1),(109,18,2),(109,22,2),(109,32,3),(109,34,3),(149,51,3),(149,52,3),(149,53,2),(236,3,1),(236,4,5),(236,8,1),(236,10,1),(236,11,1),(236,35,5),(236,38,4),(236,55,1);
/*!40000 ALTER TABLE `EscalationRatings` ENABLE KEYS */;
UNLOCK TABLES;

--
-- Table structure for table `Escalations`
--

DROP TABLE IF EXISTS `Escalations`;
/*!40101 SET @saved_cs_client     = @@character_set_client */;
 SET character_set_client = utf8mb4 ;
CREATE TABLE `Escalations` (
  `EscalationId` int(11) NOT NULL AUTO_INCREMENT,
  `EscalationTitle` varchar(45) NOT NULL,
  `EscalationAbout` text,
  `EscalationDate` datetime DEFAULT NULL,
  `EscalationDateH2` datetime DEFAULT NULL,
  `MissionId` int(11) NOT NULL,
  PRIMARY KEY (`EscalationId`),
  UNIQUE KEY `EscalationId_UNIQUE` (`EscalationId`),
  KEY `fk_Escalations_Missions1_idx` (`MissionId`),
  CONSTRAINT `fk_Escalations_Missions1` FOREIGN KEY (`MissionId`) REFERENCES `Missions` (`MissionId`)
) ENGINE=InnoDB AUTO_INCREMENT=57 DEFAULT CHARSET=utf8;
/*!40101 SET character_set_client = @saved_cs_client */;

--
-- Dumping data for table `Escalations`
--

LOCK TABLES `Escalations` WRITE;
/*!40000 ALTER TABLE `Escalations` DISABLE KEYS */;
INSERT INTO `Escalations` VALUES (1,'The Snorrason Ascension','Level 1: Target: Cilas Netzke<br>Level 2: Objective: Break and Enter<br>Level 3: Target: Moses Butusov<br>Level 4: Complication: Body Remover<br>Level 5: Complication: No Paficications','2016-03-11 00:00:00',NULL,80),(2,'The Holmwood Disturbance','Level 1: Target: Faustin D&#39;Aoust<br>Level 2: Target: Hughes Neufville<br>Level 3: Complication: No Paficications<br>Level 4: Complication: Speedy Exit<br>Level 5: Complication: Big Brother','2016-03-16 00:00:00',NULL,81),(3,'The Mandelbulb Requiem','Level 1: Target: Michel Charest<br>Level 2: Objective: Data Extraction<br>Level 3: Target: Lance Artois<br>Level 4: Complication: Big Brother<br>Level 5: Complication: Extreme Security','2016-03-16 00:00:00',NULL,81),(4,'The Osterman Mosaic','Level 1: Target: Mallory Brunelle<br>Level 2: Complication: Body Remover<br>Level 3: Target: Olivier Lauzier<br>Level 4: Complication: Terminus<br>Level 5: Complication: Extreme Security','2016-03-22 00:00:00',NULL,81),(5,'The Gemini Fiasco','Level 1: Target: Helmu Kruger<br>Level 2: Target: Akiko Crilley<br>Level 3: Complication: Enhanced Enforcers<br>Level 4: Complication: Big Brother<br>Level 5: Target: Sebastian Sato','2016-03-22 00:00:00',NULL,81),(6,'The Einarsson Inception','Level 1: Target: Evan Holden<br>Level 2: Complication: Big Brother<br>Level 3: Target: Terry Norfolk<br>Level 4: Complication: Enhanced Enforcers<br>Level 5: Complication: Terminus','2016-03-29 00:00:00',NULL,79),(7,'The Mardsen Isotopy','Level 1: Target: Benjamin Lacasse<br>Level 2: Complication: Body Remover<br>Level 3: Target: Philip Von Zell<br>Level 4: Complication: Shotgun Bartenders<br>Level 5: Complication: Terminus','2016-03-29 00:00:00',NULL,81),(8,'The Shapiro Omen','Level 1: Objective: Break and Enter<br>Level 2: Target: Sophus Fatale<br>Level 3: Complication: Enhanced Enforcers<br>Level 4: Target: Martha Herris<br>Level 5: Complication: Body Remover','2016-04-05 00:00:00',NULL,81),(9,'The Ezekiel Paradox','Level 1: Target: Loic Courcelle<br>Level 2: Complication: Big Brother<br>Level 3: Target: Desire Lapresse<br>Level 4: Complication: Super Enforcers<br>Level 5: Complication: No Paficications','2016-04-05 00:00:00',NULL,81),(10,'The Perkins Disarray','Level 1: Objective: Sabotage<br>Level 2: Target: Hailey Brennan<br>Level 3: Target: Linsey La Couer<br>Level 4: Complication: Super Enforcers<br>Level 5: Complication: No Paficications','2016-04-12 00:00:00',NULL,81),(11,'The Granville Curiosity','Level 1: Target: Orson Bler<br>Level 2: Complication: Extreme Security<br>Level 3: Target: Jacques Bonbon<br>Level 4: Complication: Terminus<br>Level 5: Target: Claire Swanson','2016-04-12 00:00:00',NULL,81),(12,'The Hexagon Protocol','Level 1: Target: Cedric Gendron<br>Level 2: Complication: Extreme Security<br>Level 3: Target: Donatien Marleau<br>Level 4: Complication: No Ballistics<br>Level 5: Complication: Speedy Exit','2016-04-19 00:00:00',NULL,81),(13,'The Kerner Disquiet','Level 1: Target: Philippe Quiron<br>Level 2: Target: Mark Parker<br>Level 3: Target: Auguste Marcheterre<br>Level 4: Complication: Extreme Security<br>Level 5: Complication: Terminus','2016-04-05 00:00:00',NULL,81),(14,'The Sigma Illusion','Level 1: Target: Chef Marcello Ray<br>Level 2: Objective: Data Extraction<br>Level 3: Complication: No Paficications<br>Level 4: Complication: Body Remover<br>Level 5: Complication: Enhanced Enforcers','2016-04-26 00:00:00',NULL,82),(15,'The Apeiron Sadness','Level 1: Target: Edoardo Pugliesi<br>Level 2: Complication: No Civilian Casualties<br>Level 3: Target: Aldo Trentino<br>Level 4: Complication: No Disguise Change<br>Level 5: Target: Renardo Palmiero','2016-04-26 00:00:00',NULL,82),(16,'The Szilassi Darkness','Level 1: Target: Alberto Genovesi<br>Level 2: Target: Sebastiano Noce<br>Level 3: Complication: Speedy Exit<br>Level 4: Complication: Wild Card<br>Level 5: Complication: Rapid Elimination Streak','2016-04-05 00:00:00',NULL,82),(17,'The Scarlatti Covenant','Level 1: Target: Giovanni Anselmi<br>Level 2: Complication: Big Brother<br>Level 3: Target: Fabio Pavione<br>Level 4: Complication: No Paficication<br>Level 5: Complication: Terminus Rapid','2016-05-12 00:00:00',NULL,82),(18,'The Kotti Paradigm','Level 1: Complication: No Paficications, Target: Liza McKenzie<br>Level 2: Complication: No Agility, Target: Sheikh Salman al-Ghazali<br>Level 3:Complication: Super Enforcers, Target: Hailey Brennan','2016-05-12 00:00:00',NULL,81),(19,'The Scorpio Directive','Level 1: Target: Edmondo Giordano<br>Level 2: Complication: Body Remover<br>Level 3: Complication: No Paficications<br>Level 4: Target: Jack Please<br>Level 5: Complication: Extreme Security','2016-05-19 00:00:00',NULL,82),(20,'The Ignatiev Integrity','Level 1: Target: Jawwaad Reza<br>Level 2: Objective: Break and Enter<br>Level 3: Target: Irfaan Haidar<br>Level 4: Complication: Big Brother<br>Level 5: Complication: No Disguise Change','2016-05-31 00:00:00',NULL,83),(21,'The Wetzel Determination','Level 1: Target: Max Decker<br>Level 2: Target: Gwen Dawson<br>Level 3: Complication: Body Remover<br>Level 4: Complication: Big Brother<br>Level 5: Complication: Super Enforcers','2016-06-10 00:00:00',NULL,81),(22,'The Gladwyn Simulacrum','Level 1: Target: Filiberto Nucci<br>Level 2: Target: Alexis Caso<br>Level 3: Target: Roberto Vargas<br>Level 4: Complication: Rapid Elimination Streak<br>Level 5: Complication: Extreme Security','2016-06-16 00:00:00',NULL,82),(23,'The Selmone Mimesis','Level 1: Target: Prudenzio Endrizzi<br>Level 2: Complication: Body Remover<br>Level 3: Target: Osvaldo Paniccia<br>Level 4: Complication: Enhanced Enforcers<br>Level 5: Complication: Rapid Elimination Streak','2016-06-24 00:00:00',NULL,82),(24,'The Lupei Sensitivity','Level 1: Target: Tomas Persson<br>Level 2: Objective: Data Extraction<br>Level 3: Complication: No Paficications, Complication: Big Brother<br>Level 4: Target: Hektor Lindberg<br>Level 5: Complication: Wild Card','2016-07-01 00:00:00',NULL,83),(25,'The Teague Temptation','Level 1: Target: Courtland Aupry<br>Level 2: Complication: Big Brother<br>Level 3: Target: Benoit LaGarde<br>Level 4: Complication: No Paficications<br>Level 5: Complication: No Disguise Change','2016-07-08 00:00:00',NULL,81),(26,'The Kilie Agitation','Level 1: Target: Jeff Baker<br>Level 2: Target: Link Parr<br>Level 3: Complication: Enhanced Enforcers<br>Level 4: Complication: Wild Card<br>Level 5: Target: Bashir Lubaid Sarkis','2016-07-14 00:00:00',NULL,83),(27,'The Agana Abyss','Level 1: Target: Roberto Greco<br>Level 2: Complication: Wild Card, Target: Arnaldo Monaldo<br>Level 3: Objective: Data Extraction<br>Level 4: Complication: One Disguise Change, Complication: One Paficication<br>Level 5: Complication: Wild Card','2016-07-19 00:00:00',NULL,87),(28,'The Reziko Conundrum','Level 1: Target: Riaasat Hussein<br>Level 2: Target: Hasam Halim<br>Level 3: Complication: Wild Card, Complication: Extreme Security<br>Level 4: Complication: Enhanced Enforcers<br>Level 5: Target: Taqqee Akel','2016-07-29 00:00:00',NULL,83),(29,'The Adamoli Fascination','Level 1: Target: Chapin Leroy<br>Level 2: Target: Denis Leger<br>Level 3: Target: Lothair Daoust<br>Level 4: Complication: Elimination Streak<br>Level 5: Complication: Mined Exits','2016-08-04 00:00:00',NULL,81),(30,'The Sokoloff Sophistication','Level 1: Target: Terry Strong<br>Level 2: Target: Faarooq Omer<br>Level 3: Target: Bishr Nusrah Deeb<br>Level 4: Objective: Break and Enter, Complication: Wild Card<br>Level 5: Complication: Wild Card<br>','2016-10-27 00:00:00',NULL,83),(31,'The Varvara Mystification','Level 1: Target: Faheem Attar<br>Level 2: Target: Hanif Rasmi Antoun<br>Level 3: Complication: Extreme Security<br>Level 4: Complication: Wild Card<br>Level 5: Complication: No Paficications','2017-01-05 00:00:00',NULL,83),(32,'The Ataro Caliginosity','Level 1: Target: Zaki Diab<br>Level 2: Target: Guang Tseng<br>Level 3: Complication: Wild Card, Objective: Break and Enter<br>Level 4: Complication: Wild Card<br>Level 5: Target: Umair Zayn Quraishi','2016-09-15 00:00:00',NULL,88),(33,'The Seeger Beguilement','Level 1: Target: Olvan Shillingford<br>Level 2: Complication: Irina Vladimir<br>Level 3: Complication: Super Enforcers x2<br>Level 4: Objective: Data Extraction<br>Level 5: Complication: Lindsey La Coeur, Target: Jay Smart','2016-08-25 00:00:00',NULL,81),(34,'The Videl Cataclysm','Level 1: Target: Christophe Nightlinglam<br>Level 2: Hot Disguise<br>Level 3: Target: Fabrice Sansouci<br>Level 4: Complication: Wild Card<br>Level 5: Complication: Wild Card','2016-10-06 00:00:00',NULL,81),(35,'The Adrian Eclipse','Level 1: Target: Raoul Blanc<br>Level 2: Target: Eric Hebert<br>Level 3: Complication: Sticky Pistol<br>Level 4: Complication: No Guarding, Complication: Rapid Elimination Streak<br>Level 5: Complication: Wild Card','2017-01-19 00:00:00',NULL,81),(36,'The Somsak Equation','Level 1: Target: Tharn Srisai<br>Level 2: Complication: Wild Card, Target: Phet Rardchawat<br>Level 3: Target: Naruemon Thanom<br>Level 4: Objective: Freezer Room<br>Level 5: Complication: No Disguise Change','2016-08-16 00:00:00',NULL,84),(37,'The Caden Composition','Level 1: Target: Dexy Barat<br>Level 2: Target: Stan Taggart<br>Level 3: Complication: Elimination Streak<br>Level 4: Target: Neil Burgess<br>Level 5: Complication: Wild Card','2016-11-24 00:00:00',NULL,84),(38,'The Mallory Misfortune','Level 1: Target: Mark Hicks<br>Level 2: Target: Preston Becker<br>Level 3: Complication: Wild Card, Complication: Deadly Stalker<br>Level 4: Complication: Stalker<br>Level 5: Complication: Wild Card','2016-09-27 00:00:00',NULL,85),(39,'The Farley Crescendo','Level 1: Target: Joshua Trumbo<br>Level 2: Target: Greg Barnes<br>Level 3: Objective: Data Extraction, Complication: Wild Card<br>Level 4: Complication: Enhanced Enforcers<br>Level 5: Complication: No Militia Elite','2017-01-31 00:00:00',NULL,85),(40,'The Meiko Incarnation','Level 1: Target: Akira Nakamura<br>Level 2: Objective: Break and Enter, Complication: Cascade<br>Level 3: Complication: Ninja Style, Target: Shoudai Kurosawa<br>Level 4: Complication: Wild Card<br>Level 5: Complication: Wild Card','2016-10-31 00:00:00',NULL,86),(41,'The Susumu Obsession','Level 1: Target: Amos Dexter<br>Level 2: Target: Ikkei Tsutsui<br>Level 3: Objective: Fugu, Complication: Sticky Dexter<br>Level 4: Complication: Wild Card<br>Level 5: Target: Yamato Narita','2017-02-16 00:00:00',NULL,86),(42,'The Eccleston Illumination','Level 1: Target: Indro Pagnotto<br>Level 2: Objective: Data Extraction<br>Level 3: Target: Bertoldo Velardo<br>Level 4: Complication: Wild Card<br>Level 5: Complication: Wild Card, Complication: Katana Plague','2016-08-11 00:00:00',NULL,82),(43,'The Andersen Animosity','Level 1: Target: Emiliano Palombi<br>Level 2: Complication: No Paficications<br>Level 3: Target: Michele Inversini<br>Level 4: Complication: Big Brother<br>Level 5: Target: Dr. Oscar Lafayette','2016-09-01 00:00:00',NULL,82),(44,'The Lyndon Gyration','Level 1: Target: Sal Falcone<br>Level 2: Target: Renardo Camerini<br>Level 3: Complication: Civilized, Complication: Wild Card<br>Level 4: Complication: Super Enforcers<br>Level 5: Complication: Wild Card','2016-12-22 00:00:00',NULL,82),(45,'The Raskoph Satisfaction','Level 1: Target: Dabir Wasim Abboud<br>\r\nLevel 2: Target: Ashraf Raghib Mustafa<br>\r\nLevel 3: Target: Nabhan Shamim Sleiman<br>\r\nLevel 4: Complication: Wild Card<br>\r\nLevel 5: Complication: Extreme Elimination Streak','2017-03-09 00:00:00',NULL,83),(46,'The Arthin Occultation','Level 1: Target: Jariya Chansiri<br>\nLevel 2: Target: Rand Chiravat<br>\nLevel 3: Complication: Enhanced Enforcers<br>\nLevel 4: Target: Thomas Craig<br>\nLevel 5: Complication: Sticky Hatchet, Complication: No Guarding','2017-03-30 00:00:00',NULL,84),(47,'The Otaktay Obliteration','Level 1: Target: Lloud Burgess<br>\nLevel 2: Target: Brandom Davis<br>\nLevel 3: Target: Everett Wagner<br>\nLevel 4: Complication: Rapid Elimination Streak<br>\nLevel 5: Complication: Enhanced Enforcers, Complication: One Disguise Change\n','2017-04-07 00:00:00',NULL,85),(48,'The Yuuma Tenacity','Level 1: Target: Nails<br>\nLevel 2: Complication: Camera Countdown<br>\nLevel 3: Target: Nicholas Laurent, Complication: Big Brother<br>\nLevel 4: Complication: Wild Card, Complication: Hot Disguise<br>\nLevel 5: Complication: Rowdy Guns','2017-04-07 00:00:00',NULL,86),(49,'The Bahadur Dexterity',NULL,'2017-05-05 00:00:00',NULL,83),(50,'The Zunino Disintegration',NULL,'2017-05-05 00:00:00',NULL,82),(51,'The Spaggiari Subversion',NULL,'2017-06-02 00:00:00',NULL,89),(52,'The Asya Attunement',NULL,'2017-06-02 00:00:00',NULL,84),(53,'The Hamartia Compulsion',NULL,'2017-07-07 00:00:00',NULL,82),(54,'The Cheveyo Calibration',NULL,'2017-11-07 00:00:00',NULL,88),(55,'The Corky Commotion',NULL,'2017-11-07 00:00:00',NULL,81),(56,'The Dexter Discordance',NULL,'2017-11-07 00:00:00',NULL,86);
/*!40000 ALTER TABLE `Escalations` ENABLE KEYS */;
UNLOCK TABLES;

--
-- Table structure for table `EscalationVideoLikes`
--

DROP TABLE IF EXISTS `EscalationVideoLikes`;
/*!40101 SET @saved_cs_client     = @@character_set_client */;
 SET character_set_client = utf8mb4 ;
CREATE TABLE `EscalationVideoLikes` (
  `EscalationVideoId` int(11) NOT NULL,
  `UserId` int(11) NOT NULL,
  PRIMARY KEY (`EscalationVideoId`,`UserId`),
  KEY `fk_EscalationVideos_has_Users_Users1_idx` (`UserId`),
  KEY `fk_EscalationVideos_has_Users_EscalationVideos1_idx` (`EscalationVideoId`),
  CONSTRAINT `fk_EscalationVideos_has_Users_EscalationVideos1` FOREIGN KEY (`EscalationVideoId`) REFERENCES `EscalationVideos` (`EscalationVideoId`),
  CONSTRAINT `fk_EscalationVideos_has_Users_Users1` FOREIGN KEY (`UserId`) REFERENCES `Users` (`UserId`)
) ENGINE=InnoDB DEFAULT CHARSET=utf8;
/*!40101 SET character_set_client = @saved_cs_client */;

--
-- Dumping data for table `EscalationVideoLikes`
--

LOCK TABLES `EscalationVideoLikes` WRITE;
/*!40000 ALTER TABLE `EscalationVideoLikes` DISABLE KEYS */;
/*!40000 ALTER TABLE `EscalationVideoLikes` ENABLE KEYS */;
UNLOCK TABLES;

--
-- Table structure for table `EscalationVideos`
--

DROP TABLE IF EXISTS `EscalationVideos`;
/*!40101 SET @saved_cs_client     = @@character_set_client */;
 SET character_set_client = utf8mb4 ;
CREATE TABLE `EscalationVideos` (
  `EscalationVideoId` int(11) NOT NULL AUTO_INCREMENT,
  `UserId` int(11) NOT NULL,
  `EscalationId` int(11) NOT NULL,
  `EscalationVideoLink` varchar(255) DEFAULT NULL,
  `EscalationVideoTime` time DEFAULT NULL,
  PRIMARY KEY (`EscalationVideoId`),
  UNIQUE KEY `EscalationVideoId_UNIQUE` (`EscalationVideoId`),
  KEY `fk_Users_has_Escalations_Escalations2_idx` (`EscalationId`),
  KEY `fk_Users_has_Escalations_Users2_idx` (`UserId`),
  CONSTRAINT `fk_Users_has_Escalations_Escalations2` FOREIGN KEY (`EscalationId`) REFERENCES `Escalations` (`EscalationId`),
  CONSTRAINT `fk_Users_has_Escalations_Users2` FOREIGN KEY (`UserId`) REFERENCES `Users` (`UserId`)
) ENGINE=InnoDB DEFAULT CHARSET=utf8;
/*!40101 SET character_set_client = @saved_cs_client */;

--
-- Dumping data for table `EscalationVideos`
--

LOCK TABLES `EscalationVideos` WRITE;
/*!40000 ALTER TABLE `EscalationVideos` DISABLE KEYS */;
/*!40000 ALTER TABLE `EscalationVideos` ENABLE KEYS */;
UNLOCK TABLES;

--
-- Table structure for table `EscalationVideoTags`
--

DROP TABLE IF EXISTS `EscalationVideoTags`;
/*!40101 SET @saved_cs_client     = @@character_set_client */;
 SET character_set_client = utf8mb4 ;
CREATE TABLE `EscalationVideoTags` (
  `EscalationVideoId` int(11) NOT NULL,
  `TagId` int(11) NOT NULL,
  PRIMARY KEY (`EscalationVideoId`,`TagId`),
  KEY `fk_VideoTags_has_EscalationVideos_EscalationVideos1_idx` (`EscalationVideoId`),
  KEY `fk_VideoTags_has_EscalationVideos_VideoTags1_idx` (`TagId`),
  CONSTRAINT `fk_VideoTags_has_EscalationVideos_EscalationVideos1` FOREIGN KEY (`EscalationVideoId`) REFERENCES `EscalationVideos` (`EscalationVideoId`),
  CONSTRAINT `fk_VideoTags_has_EscalationVideos_VideoTags1` FOREIGN KEY (`TagId`) REFERENCES `VideoTags` (`TagId`)
) ENGINE=InnoDB DEFAULT CHARSET=utf8;
/*!40101 SET character_set_client = @saved_cs_client */;

--
-- Dumping data for table `EscalationVideoTags`
--

LOCK TABLES `EscalationVideoTags` WRITE;
/*!40000 ALTER TABLE `EscalationVideoTags` DISABLE KEYS */;
/*!40000 ALTER TABLE `EscalationVideoTags` ENABLE KEYS */;
UNLOCK TABLES;

--
-- Table structure for table `GameCommentLikes`
--

DROP TABLE IF EXISTS `GameCommentLikes`;
/*!40101 SET @saved_cs_client     = @@character_set_client */;
 SET character_set_client = utf8mb4 ;
CREATE TABLE `GameCommentLikes` (
  `GameCommentId` int(11) NOT NULL,
  `UserId` int(11) NOT NULL,
  PRIMARY KEY (`GameCommentId`,`UserId`),
  KEY `fk_GameComments_has_Users_Users1_idx` (`UserId`),
  KEY `fk_GameComments_has_Users_GameComments1_idx` (`GameCommentId`),
  CONSTRAINT `fk_GameComments_has_Users_GameComments1` FOREIGN KEY (`GameCommentId`) REFERENCES `GameComments` (`GameCommentId`),
  CONSTRAINT `fk_GameComments_has_Users_Users1` FOREIGN KEY (`UserId`) REFERENCES `Users` (`UserId`)
) ENGINE=InnoDB DEFAULT CHARSET=utf8;
/*!40101 SET character_set_client = @saved_cs_client */;

--
-- Dumping data for table `GameCommentLikes`
--

LOCK TABLES `GameCommentLikes` WRITE;
/*!40000 ALTER TABLE `GameCommentLikes` DISABLE KEYS */;
/*!40000 ALTER TABLE `GameCommentLikes` ENABLE KEYS */;
UNLOCK TABLES;

--
-- Table structure for table `GameComments`
--

DROP TABLE IF EXISTS `GameComments`;
/*!40101 SET @saved_cs_client     = @@character_set_client */;
 SET character_set_client = utf8mb4 ;
CREATE TABLE `GameComments` (
  `GameCommentId` int(11) NOT NULL AUTO_INCREMENT,
  `UserId` int(11) NOT NULL,
  `GameId` int(11) NOT NULL,
  `GameCommentText` text,
  PRIMARY KEY (`GameCommentId`),
  UNIQUE KEY `GameCommentId_UNIQUE` (`GameCommentId`),
  KEY `fk_Users_has_Games_Games3_idx` (`GameId`),
  KEY `fk_Users_has_Games_Users3_idx` (`UserId`),
  CONSTRAINT `fk_Users_has_Games_Games3` FOREIGN KEY (`GameId`) REFERENCES `Games` (`GameId`),
  CONSTRAINT `fk_Users_has_Games_Users3` FOREIGN KEY (`UserId`) REFERENCES `Users` (`UserId`)
) ENGINE=InnoDB DEFAULT CHARSET=utf8;
/*!40101 SET character_set_client = @saved_cs_client */;

--
-- Dumping data for table `GameComments`
--

LOCK TABLES `GameComments` WRITE;
/*!40000 ALTER TABLE `GameComments` DISABLE KEYS */;
/*!40000 ALTER TABLE `GameComments` ENABLE KEYS */;
UNLOCK TABLES;

--
-- Table structure for table `Games`
--

DROP TABLE IF EXISTS `Games`;
/*!40101 SET @saved_cs_client     = @@character_set_client */;
 SET character_set_client = utf8mb4 ;
CREATE TABLE `Games` (
  `GameId` int(11) NOT NULL AUTO_INCREMENT,
  `GameTitle` varchar(45) NOT NULL,
  `GameDate` datetime DEFAULT NULL,
  PRIMARY KEY (`GameId`)
) ENGINE=InnoDB AUTO_INCREMENT=9 DEFAULT CHARSET=utf8;
/*!40101 SET character_set_client = @saved_cs_client */;

--
-- Dumping data for table `Games`
--

LOCK TABLES `Games` WRITE;
/*!40000 ALTER TABLE `Games` DISABLE KEYS */;
INSERT INTO `Games` VALUES (1,'Hitman: Codename 47','2000-11-19 00:00:00'),(2,'Hitman 2: Silent Assassin','2002-10-01 00:00:00'),(3,'Hitman: Contracts','2004-04-20 00:00:00'),(4,'Hitman: Blood Money','2006-05-26 00:00:00'),(5,'Hitman: Absolution','2012-11-20 00:00:00'),(6,'HITMAN: Season 1','2016-03-11 00:00:00'),(7,'HITMAN: Patient Zero','2017-11-07 00:00:00'),(8,'HITMAN 2','2018-11-13 00:00:00');
/*!40000 ALTER TABLE `Games` ENABLE KEYS */;
UNLOCK TABLES;

--
-- Table structure for table `GameVideoLikes`
--

DROP TABLE IF EXISTS `GameVideoLikes`;
/*!40101 SET @saved_cs_client     = @@character_set_client */;
 SET character_set_client = utf8mb4 ;
CREATE TABLE `GameVideoLikes` (
  `UserId` int(11) NOT NULL,
  `GameVideoId` int(11) NOT NULL,
  PRIMARY KEY (`UserId`,`GameVideoId`),
  KEY `fk_Users_has_GameVideos_GameVideos1_idx` (`GameVideoId`),
  KEY `fk_Users_has_GameVideos_Users1_idx` (`UserId`),
  CONSTRAINT `fk_Users_has_GameVideos_GameVideos1` FOREIGN KEY (`GameVideoId`) REFERENCES `GameVideos` (`GameVideoId`),
  CONSTRAINT `fk_Users_has_GameVideos_Users1` FOREIGN KEY (`UserId`) REFERENCES `Users` (`UserId`)
) ENGINE=InnoDB DEFAULT CHARSET=utf8;
/*!40101 SET character_set_client = @saved_cs_client */;

--
-- Dumping data for table `GameVideoLikes`
--

LOCK TABLES `GameVideoLikes` WRITE;
/*!40000 ALTER TABLE `GameVideoLikes` DISABLE KEYS */;
/*!40000 ALTER TABLE `GameVideoLikes` ENABLE KEYS */;
UNLOCK TABLES;

--
-- Table structure for table `GameVideos`
--

DROP TABLE IF EXISTS `GameVideos`;
/*!40101 SET @saved_cs_client     = @@character_set_client */;
 SET character_set_client = utf8mb4 ;
CREATE TABLE `GameVideos` (
  `GameVideoId` int(11) NOT NULL AUTO_INCREMENT,
  `UserId` int(11) NOT NULL,
  `GameId` int(11) NOT NULL,
  `GameVideoLink` varchar(255) DEFAULT NULL,
  `GameVideoTime` time DEFAULT NULL,
  PRIMARY KEY (`GameVideoId`),
  UNIQUE KEY `GameVideoId_UNIQUE` (`GameVideoId`),
  KEY `fk_Users_has_Games_Games2_idx` (`GameId`),
  KEY `fk_Users_has_Games_Users2_idx` (`UserId`),
  CONSTRAINT `fk_Users_has_Games_Games2` FOREIGN KEY (`GameId`) REFERENCES `Games` (`GameId`),
  CONSTRAINT `fk_Users_has_Games_Users2` FOREIGN KEY (`UserId`) REFERENCES `Users` (`UserId`)
) ENGINE=InnoDB DEFAULT CHARSET=utf8;
/*!40101 SET character_set_client = @saved_cs_client */;

--
-- Dumping data for table `GameVideos`
--

LOCK TABLES `GameVideos` WRITE;
/*!40000 ALTER TABLE `GameVideos` DISABLE KEYS */;
/*!40000 ALTER TABLE `GameVideos` ENABLE KEYS */;
UNLOCK TABLES;

--
-- Table structure for table `GameVideoTags`
--

DROP TABLE IF EXISTS `GameVideoTags`;
/*!40101 SET @saved_cs_client     = @@character_set_client */;
 SET character_set_client = utf8mb4 ;
CREATE TABLE `GameVideoTags` (
  `GameVideoId` int(11) NOT NULL,
  `TagId` int(11) NOT NULL,
  PRIMARY KEY (`GameVideoId`,`TagId`),
  KEY `fk_VideoTags_has_GameVideos_GameVideos1_idx` (`GameVideoId`),
  KEY `fk_VideoTags_has_GameVideos_VideoTags1_idx` (`TagId`),
  CONSTRAINT `fk_VideoTags_has_GameVideos_GameVideos1` FOREIGN KEY (`GameVideoId`) REFERENCES `GameVideos` (`GameVideoId`),
  CONSTRAINT `fk_VideoTags_has_GameVideos_VideoTags1` FOREIGN KEY (`TagId`) REFERENCES `VideoTags` (`TagId`)
) ENGINE=InnoDB DEFAULT CHARSET=utf8;
/*!40101 SET character_set_client = @saved_cs_client */;

--
-- Dumping data for table `GameVideoTags`
--

LOCK TABLES `GameVideoTags` WRITE;
/*!40000 ALTER TABLE `GameVideoTags` DISABLE KEYS */;
/*!40000 ALTER TABLE `GameVideoTags` ENABLE KEYS */;
UNLOCK TABLES;

--
-- Table structure for table `MissionCommentLikes`
--

DROP TABLE IF EXISTS `MissionCommentLikes`;
/*!40101 SET @saved_cs_client     = @@character_set_client */;
 SET character_set_client = utf8mb4 ;
CREATE TABLE `MissionCommentLikes` (
  `MissionCommentId` int(11) NOT NULL,
  `UserId` int(11) NOT NULL,
  PRIMARY KEY (`MissionCommentId`,`UserId`),
  KEY `fk_MissionComments_has_Users_Users1_idx` (`UserId`),
  KEY `fk_MissionComments_has_Users_MissionComments1_idx` (`MissionCommentId`),
  CONSTRAINT `fk_MissionComments_has_Users_MissionComments1` FOREIGN KEY (`MissionCommentId`) REFERENCES `MissionComments` (`MissionCommentId`),
  CONSTRAINT `fk_MissionComments_has_Users_Users1` FOREIGN KEY (`UserId`) REFERENCES `Users` (`UserId`)
) ENGINE=InnoDB DEFAULT CHARSET=utf8;
/*!40101 SET character_set_client = @saved_cs_client */;

--
-- Dumping data for table `MissionCommentLikes`
--

LOCK TABLES `MissionCommentLikes` WRITE;
/*!40000 ALTER TABLE `MissionCommentLikes` DISABLE KEYS */;
INSERT INTO `MissionCommentLikes` VALUES (3,8),(1,48),(1,62),(1,96),(2,110);
/*!40000 ALTER TABLE `MissionCommentLikes` ENABLE KEYS */;
UNLOCK TABLES;

--
-- Table structure for table `MissionComments`
--

DROP TABLE IF EXISTS `MissionComments`;
/*!40101 SET @saved_cs_client     = @@character_set_client */;
 SET character_set_client = utf8mb4 ;
CREATE TABLE `MissionComments` (
  `MissionCommentId` int(11) NOT NULL AUTO_INCREMENT,
  `UserId` int(11) NOT NULL,
  `MissionId` int(11) NOT NULL,
  `MissionCommentText` text,
  PRIMARY KEY (`MissionCommentId`),
  UNIQUE KEY `MissionCommentId_UNIQUE` (`MissionCommentId`),
  KEY `fk_Users_has_Missions_Missions3_idx` (`MissionId`),
  KEY `fk_Users_has_Missions_Users3_idx` (`UserId`),
  CONSTRAINT `fk_Users_has_Missions_Missions3` FOREIGN KEY (`MissionId`) REFERENCES `Missions` (`MissionId`),
  CONSTRAINT `fk_Users_has_Missions_Users3` FOREIGN KEY (`UserId`) REFERENCES `Users` (`UserId`)
) ENGINE=InnoDB AUTO_INCREMENT=4 DEFAULT CHARSET=utf8;
/*!40101 SET character_set_client = @saved_cs_client */;

--
-- Dumping data for table `MissionComments`
--

LOCK TABLES `MissionComments` WRITE;
/*!40000 ALTER TABLE `MissionComments` DISABLE KEYS */;
INSERT INTO `MissionComments` VALUES (1,23,19,'what a shit mission'),(2,49,79,'my favorite'),(3,76,6,'this is where i stopped playing');
/*!40000 ALTER TABLE `MissionComments` ENABLE KEYS */;
UNLOCK TABLES;

--
-- Table structure for table `MissionRatings`
--

DROP TABLE IF EXISTS `MissionRatings`;
/*!40101 SET @saved_cs_client     = @@character_set_client */;
 SET character_set_client = utf8mb4 ;
CREATE TABLE `MissionRatings` (
  `UserId` int(11) NOT NULL,
  `MissionId` int(11) NOT NULL,
  `RatingScore` int(11) DEFAULT NULL,
  PRIMARY KEY (`UserId`,`MissionId`),
  KEY `fk_Users_has_Missions_Missions1_idx` (`MissionId`),
  KEY `fk_Users_has_Missions_Users1_idx` (`UserId`),
  CONSTRAINT `fk_Users_has_Missions_Missions1` FOREIGN KEY (`MissionId`) REFERENCES `Missions` (`MissionId`),
  CONSTRAINT `fk_Users_has_Missions_Users1` FOREIGN KEY (`UserId`) REFERENCES `Users` (`UserId`)
) ENGINE=InnoDB DEFAULT CHARSET=utf8;
/*!40101 SET character_set_client = @saved_cs_client */;

--
-- Dumping data for table `MissionRatings`
--

LOCK TABLES `MissionRatings` WRITE;
/*!40000 ALTER TABLE `MissionRatings` DISABLE KEYS */;
INSERT INTO `MissionRatings` VALUES (4,1,1),(4,2,2),(4,3,3),(4,4,3),(4,5,4),(4,6,1),(4,7,1),(4,8,2),(4,9,3),(4,10,3),(4,11,2),(4,12,2),(4,13,3),(4,14,5),(4,15,3),(4,16,3),(4,17,2),(4,18,5),(4,19,4),(4,20,1),(4,21,1),(4,22,2),(4,23,4),(4,24,2),(4,25,3),(4,26,3),(4,27,1),(4,28,2),(4,29,2),(4,30,4),(4,31,4),(4,32,4),(4,33,4),(4,34,4),(4,35,4),(4,36,2),(4,37,4),(4,38,4),(4,39,3),(4,40,4),(4,41,3),(4,42,3),(4,43,4),(4,44,4),(4,45,4),(4,46,1),(4,47,4),(4,48,3),(4,49,4),(4,50,5),(4,51,4),(4,52,3),(4,53,4),(4,54,4),(4,55,2),(4,56,4),(4,57,3),(4,58,3),(4,59,1),(4,60,3),(4,61,2),(4,62,2),(4,63,3),(4,64,1),(4,65,1),(4,66,1),(4,67,3),(4,68,1),(4,69,2),(4,70,3),(4,71,3),(4,72,3),(4,73,2),(4,74,2),(4,75,1),(4,76,3),(4,77,1),(4,78,1),(4,79,4),(4,80,4),(4,81,5),(4,82,4),(4,83,3),(4,84,3),(4,85,2),(4,86,4),(4,87,2),(4,89,4),(5,1,2),(5,2,3),(5,3,2),(5,4,4),(5,5,5),(5,6,2),(5,7,1),(5,8,4),(5,9,5),(5,10,1),(5,11,2),(5,12,1),(5,13,3),(5,14,5),(5,15,4),(5,16,4),(5,17,3),(5,18,4),(5,19,4),(5,20,1),(5,21,1),(5,22,4),(5,23,4),(5,24,3),(5,25,4),(5,26,3),(5,27,1),(5,28,1),(5,29,4),(5,30,4),(5,31,4),(5,32,3),(5,33,3),(5,34,2),(5,35,5),(5,36,4),(5,37,5),(5,38,4),(5,39,5),(5,40,5),(5,41,4),(5,42,3),(5,43,4),(5,44,4),(5,45,4),(5,46,1),(5,47,5),(5,48,5),(5,49,4),(5,50,5),(5,51,5),(5,52,5),(5,53,3),(5,54,4),(5,55,4),(5,56,4),(5,57,3),(5,58,3),(5,59,3),(5,60,4),(5,61,3),(5,62,3),(5,63,4),(5,64,2),(5,65,2),(5,66,4),(5,67,4),(5,68,3),(5,69,2),(5,70,3),(5,71,3),(5,72,4),(5,73,3),(5,74,1),(5,75,2),(5,76,4),(5,77,1),(5,78,3),(5,79,4),(5,80,4),(5,81,5),(5,82,5),(5,83,5),(5,84,5),(5,85,4),(5,86,5),(5,87,4),(5,88,4),(5,89,5),(5,90,4),(5,91,5),(5,92,4),(5,93,5),(5,94,4),(5,95,5),(5,96,4),(5,97,5),(5,98,5),(5,99,4),(6,16,4),(6,50,3),(6,68,4),(6,81,5),(6,82,1),(6,85,4),(8,79,4),(8,80,5),(8,81,5),(8,82,5),(8,83,4),(8,84,2),(8,85,2),(8,86,4),(8,87,3),(8,88,4),(8,89,3),(9,86,5),(10,1,3),(10,2,3),(10,14,3),(10,15,4),(10,16,3),(10,17,3),(10,18,3),(10,19,2),(10,34,3),(10,35,4),(10,36,2),(10,37,4),(10,38,4),(10,39,3),(10,40,4),(10,41,3),(10,42,3),(10,43,3),(10,44,4),(10,45,4),(10,46,2),(10,47,3),(10,48,4),(10,49,4),(10,50,5),(10,51,4),(10,52,4),(10,53,3),(10,54,3),(10,55,4),(10,56,4),(10,57,4),(10,58,4),(10,59,2),(10,60,4),(10,61,3),(10,62,3),(10,63,4),(10,64,2),(10,65,2),(10,66,3),(10,67,4),(10,68,3),(10,69,2),(10,70,2),(10,71,3),(10,72,4),(10,73,4),(10,74,2),(10,75,2),(10,76,3),(10,77,2),(10,78,3),(10,79,4),(10,80,4),(10,81,5),(10,82,5),(10,83,4),(10,84,4),(10,85,3),(10,86,5),(10,87,3),(10,88,4),(10,89,4),(15,20,1),(15,21,1),(15,79,3),(15,80,4),(15,81,5),(15,82,5),(15,83,3),(15,84,3),(15,85,3),(15,86,5),(15,87,3),(15,88,5),(15,89,5),(16,34,4),(16,35,5),(16,36,1),(16,37,4),(16,38,4),(16,39,2),(16,40,4),(16,41,3),(16,42,3),(16,43,3),(16,44,4),(16,45,5),(16,46,1),(16,47,4),(16,48,3),(16,49,3),(16,50,5),(16,51,4),(16,52,4),(16,53,3),(16,54,4),(16,55,3),(16,56,4),(16,57,4),(16,58,3),(16,79,3),(16,80,3),(16,81,5),(16,82,5),(16,83,3),(16,84,4),(16,85,3),(16,86,4),(16,87,3),(16,88,4),(16,89,4),(17,79,4),(17,80,4),(17,81,5),(17,82,5),(17,83,5),(17,84,4),(17,85,3),(17,86,4),(17,87,4),(17,88,4),(17,89,5),(19,81,5),(19,87,4),(19,88,4),(19,89,5),(20,59,5),(20,60,5),(20,61,5),(20,62,5),(20,63,5),(20,64,5),(20,65,5),(20,66,5),(20,67,5),(20,68,5),(20,69,5),(20,70,5),(20,71,5),(20,72,5),(20,73,5),(20,74,5),(20,75,5),(20,76,5),(20,77,5),(20,78,5),(20,79,4),(20,80,4),(20,81,5),(20,82,5),(20,83,4),(20,84,4),(20,85,5),(20,86,4),(20,87,4),(20,88,4),(20,89,4),(21,1,1),(21,2,2),(21,3,3),(21,4,3),(21,5,3),(21,6,1),(21,7,1),(21,8,1),(21,9,4),(21,10,2),(21,11,2),(21,12,2),(21,13,3),(21,14,4),(21,15,4),(21,16,3),(21,17,2),(21,18,4),(21,19,4),(21,20,1),(21,21,1),(21,22,3),(21,23,3),(21,24,1),(21,25,3),(21,26,3),(21,27,2),(21,28,2),(21,29,2),(21,30,3),(21,31,3),(21,32,4),(21,33,3),(21,34,4),(21,35,4),(21,36,2),(21,37,4),(21,38,3),(21,39,3),(21,40,4),(21,41,3),(21,42,3),(21,43,3),(21,44,4),(21,45,3),(21,46,2),(21,47,4),(21,48,4),(21,49,4),(21,50,5),(21,51,4),(21,52,4),(21,53,3),(21,54,4),(21,55,5),(21,56,4),(21,57,3),(21,58,2),(21,59,2),(21,60,4),(21,61,1),(21,62,1),(21,63,4),(21,64,1),(21,65,1),(21,66,1),(21,67,4),(21,68,2),(21,69,1),(21,70,4),(21,71,3),(21,72,4),(21,73,1),(21,74,1),(21,75,1),(21,76,4),(21,77,3),(21,78,4),(21,79,4),(21,80,4),(21,81,5),(21,82,5),(21,83,4),(21,84,4),(21,85,5),(21,86,5),(21,87,4),(21,88,5),(21,89,5),(22,79,3),(22,80,4),(22,81,5),(22,82,5),(22,83,4),(22,84,4),(22,85,4),(22,86,4),(22,87,3),(22,88,4),(22,89,4),(22,90,3),(22,91,3),(22,92,3),(22,93,4),(23,81,4),(23,82,5),(23,85,1),(23,86,5),(25,46,1),(25,47,4),(25,48,4),(25,49,4),(25,50,5),(25,51,5),(25,52,4),(25,53,4),(25,54,4),(25,55,4),(25,56,4),(25,57,3),(25,58,3),(25,79,3),(25,80,3),(25,81,5),(25,82,5),(25,83,4),(25,84,4),(25,85,4),(25,86,5),(25,87,3),(25,88,4),(25,89,4),(26,14,5),(26,18,5),(26,35,4),(26,37,5),(26,46,5),(26,47,5),(26,48,5),(26,49,5),(26,50,5),(26,51,5),(26,52,5),(26,53,5),(26,54,5),(26,55,5),(26,56,5),(26,57,5),(26,58,5),(26,79,4),(26,80,5),(26,81,5),(26,82,5),(26,83,3),(26,84,5),(26,85,3),(26,86,5),(26,87,4),(26,89,4),(26,94,3),(26,95,4),(26,96,5),(26,97,5),(26,98,5),(26,99,4),(27,79,4),(27,80,3),(27,81,5),(27,82,5),(27,83,4),(27,84,2),(27,85,3),(27,86,4),(27,87,3),(27,88,4),(27,89,4),(28,1,1),(28,2,2),(28,3,3),(28,4,3),(28,5,4),(28,6,1),(28,7,1),(28,8,4),(28,9,5),(28,10,4),(28,11,3),(28,12,2),(28,13,4),(28,14,5),(28,15,4),(28,16,3),(28,17,3),(28,18,4),(28,19,5),(28,20,1),(28,21,2),(28,22,5),(28,23,4),(28,24,4),(28,25,4),(28,26,4),(28,27,2),(28,28,4),(28,29,4),(28,30,4),(28,31,5),(28,32,4),(28,33,4),(28,34,3),(28,35,4),(28,36,2),(28,37,5),(28,38,4),(28,39,4),(28,40,5),(28,41,4),(28,42,4),(28,43,3),(28,44,4),(28,45,5),(28,46,2),(28,47,5),(28,48,4),(28,49,5),(28,50,5),(28,51,5),(28,52,5),(28,53,5),(28,54,5),(28,55,5),(28,56,4),(28,57,4),(28,58,4),(28,59,3),(28,60,4),(28,61,3),(28,62,3),(28,63,2),(28,64,2),(28,65,1),(28,66,2),(28,67,4),(28,68,2),(28,69,2),(28,70,3),(28,71,3),(28,72,3),(28,73,2),(28,74,2),(28,75,1),(28,76,2),(28,77,2),(28,78,3),(28,79,4),(28,80,4),(28,81,5),(28,82,5),(28,83,4),(28,84,3),(28,85,4),(28,86,5),(28,87,2),(28,88,3),(28,89,5),(28,90,3),(28,91,4),(28,92,4),(28,93,5),(31,34,4),(31,35,5),(31,36,4),(31,37,5),(31,38,4),(31,39,4),(31,40,5),(31,41,4),(31,42,4),(31,43,5),(31,44,5),(31,45,5),(31,46,3),(31,47,5),(31,48,4),(31,49,4),(31,50,4),(31,51,5),(31,52,5),(31,53,5),(31,54,4),(31,55,5),(31,56,5),(31,57,4),(31,58,4),(31,79,4),(31,80,4),(31,81,5),(31,82,5),(31,83,4),(31,84,4),(31,85,5),(31,86,5),(31,87,4),(31,88,4),(31,89,5),(34,81,5),(34,82,5),(34,83,4),(34,84,4),(35,81,4),(35,82,5),(35,83,4),(35,84,4),(35,85,3),(35,86,5),(35,87,3),(35,88,4),(35,89,5),(36,34,2),(36,46,2),(36,51,2),(36,55,3),(36,56,4),(36,83,3),(36,85,3),(36,86,4),(36,87,2),(37,1,3),(37,2,3),(37,3,3),(37,4,3),(37,5,4),(37,6,2),(37,7,2),(37,8,3),(37,9,5),(37,10,4),(37,11,4),(37,12,4),(37,13,3),(37,14,4),(37,15,4),(37,16,4),(37,17,3),(37,18,5),(37,19,4),(37,20,1),(37,21,1),(37,22,4),(37,23,4),(37,24,3),(37,25,3),(37,26,3),(37,27,3),(37,28,3),(37,29,3),(37,30,3),(37,31,4),(37,32,4),(37,33,4),(37,34,3),(37,35,4),(37,36,2),(37,37,5),(37,38,4),(37,39,4),(37,40,5),(37,41,3),(37,42,4),(37,43,4),(37,44,4),(37,45,4),(37,46,3),(37,47,4),(37,48,4),(37,49,4),(37,50,5),(37,51,4),(37,52,4),(37,53,3),(37,54,4),(37,55,4),(37,56,4),(37,57,4),(37,58,3),(37,59,2),(37,60,4),(37,61,4),(37,62,4),(37,63,4),(37,64,3),(37,65,3),(37,66,4),(37,67,4),(37,68,3),(37,69,4),(37,70,3),(37,71,4),(37,72,4),(37,73,4),(37,74,3),(37,75,5),(37,76,4),(37,77,3),(37,78,4),(37,79,5),(37,80,5),(37,81,5),(37,82,5),(37,83,4),(37,84,4),(37,85,4),(37,86,5),(37,87,3),(37,88,5),(37,89,4),(38,18,5),(38,24,3),(38,37,4),(38,50,5),(38,54,4),(38,55,4),(38,83,4),(39,34,4),(39,35,4),(39,36,2),(39,37,5),(39,38,4),(39,39,4),(39,46,2),(39,47,5),(39,48,4),(39,49,4),(39,50,5),(39,51,3),(39,52,5),(39,53,3),(39,54,4),(39,55,4),(39,56,3),(39,57,5),(39,58,2),(39,59,3),(39,60,4),(39,61,3),(39,62,1),(39,63,3),(39,64,2),(39,65,3),(39,66,4),(39,67,4),(39,68,2),(39,69,2),(39,70,3),(39,71,3),(39,72,2),(39,73,2),(39,74,3),(39,75,2),(39,76,4),(39,77,2),(39,78,3),(39,79,3),(39,80,4),(39,81,5),(39,82,5),(39,83,5),(39,84,3),(39,85,3),(39,86,5),(39,87,3),(39,88,5),(39,89,5),(39,90,3),(39,91,4),(39,92,3),(39,93,5),(40,1,2),(40,2,2),(40,3,3),(40,4,3),(40,5,3),(40,6,1),(40,7,1),(40,8,1),(40,9,4),(40,10,3),(40,11,2),(40,12,2),(40,13,2),(40,14,4),(40,20,1),(40,23,4),(40,31,4),(40,46,1),(40,47,4),(40,48,4),(40,49,4),(40,50,4),(40,51,4),(40,52,4),(40,53,3),(40,54,4),(40,55,4),(40,56,4),(40,57,3),(40,58,3),(40,79,3),(40,80,3),(40,81,5),(40,82,5),(40,83,4),(40,84,4),(40,85,3),(40,86,4),(40,87,3),(40,88,3),(40,89,4),(41,79,4),(41,80,4),(41,81,5),(41,82,5),(41,83,4),(41,84,4),(41,85,5),(41,86,5),(41,87,3),(41,88,4),(41,89,5),(45,50,5),(47,59,1),(47,78,2),(47,79,4),(47,80,4),(47,81,5),(47,82,5),(47,83,5),(47,84,1),(47,85,3),(47,86,4),(47,87,2),(47,88,3),(47,89,4),(48,47,5),(48,50,5),(48,55,4),(48,56,2),(48,79,3),(48,80,4),(48,81,5),(48,82,3),(48,83,2),(48,84,4),(48,85,3),(48,86,4),(48,87,3),(48,88,3),(48,89,4),(49,82,5),(49,89,5),(50,1,2),(50,2,3),(50,3,3),(50,4,4),(50,5,5),(50,6,1),(50,7,1),(50,8,1),(50,9,5),(50,10,4),(50,11,3),(50,12,4),(50,13,3),(50,14,4),(50,15,4),(50,16,3),(50,17,3),(50,18,5),(50,19,3),(50,20,1),(50,21,1),(50,22,4),(50,23,4),(50,24,2),(50,25,4),(50,26,3),(50,27,1),(50,28,2),(50,29,3),(50,30,4),(50,31,4),(50,32,3),(50,33,3),(50,34,3),(50,35,4),(50,36,3),(50,37,5),(50,38,4),(50,39,4),(50,40,5),(50,41,3),(50,42,3),(50,43,4),(50,44,4),(50,45,4),(50,46,3),(50,47,4),(50,48,4),(50,49,4),(50,50,4),(50,51,4),(50,52,4),(50,53,3),(50,54,4),(50,55,4),(50,56,4),(50,57,4),(50,59,1),(50,60,4),(50,61,3),(50,62,2),(50,63,4),(50,64,2),(50,65,3),(50,66,4),(50,67,4),(50,68,3),(50,69,2),(50,70,2),(50,71,3),(50,72,3),(50,73,3),(50,74,1),(50,75,1),(50,76,4),(50,77,1),(50,78,3),(50,79,3),(50,80,4),(50,81,4),(50,82,5),(50,83,3),(50,84,4),(50,85,4),(50,86,5),(50,87,3),(50,88,4),(50,89,4),(52,46,2),(52,81,5),(52,82,5),(52,83,4),(52,84,3),(52,85,2),(52,86,5),(52,87,1),(52,88,3),(52,89,4),(54,79,4),(54,80,4),(54,81,5),(54,82,5),(54,83,4),(54,84,3),(54,85,4),(54,86,5),(54,87,4),(54,88,4),(54,89,4),(57,34,3),(57,35,4),(57,36,1),(57,37,5),(57,38,3),(57,39,2),(57,40,5),(57,46,3),(57,47,4),(57,79,4),(57,80,3),(57,81,5),(57,82,5),(57,83,3),(57,84,4),(57,85,4),(57,86,5),(57,87,4),(57,89,5),(58,79,3),(58,80,4),(58,81,5),(58,82,5),(58,83,2),(58,84,3),(58,85,4),(58,86,5),(58,87,1),(58,88,3),(58,89,4),(59,80,4),(59,81,5),(59,82,5),(59,83,4),(59,84,4),(59,85,4),(59,86,5),(59,87,2),(59,88,4),(59,89,4),(64,18,5),(64,19,4),(64,20,2),(64,47,4),(64,50,4),(64,51,5),(64,52,5),(64,81,5),(64,82,5),(64,83,4),(64,84,4),(64,85,3),(64,86,4),(73,1,2),(73,2,3),(73,3,2),(73,4,3),(73,5,4),(73,6,1),(73,7,1),(73,8,3),(73,9,5),(73,10,1),(73,11,3),(73,12,2),(73,13,1),(73,14,4),(73,15,3),(73,16,5),(73,17,3),(73,18,3),(73,19,4),(73,20,1),(73,21,1),(73,22,4),(73,23,4),(73,24,2),(73,25,4),(73,26,3),(73,27,1),(73,28,2),(73,29,3),(73,30,3),(73,31,4),(73,32,2),(73,33,2),(73,34,2),(73,35,4),(73,36,3),(73,37,5),(73,38,4),(73,39,5),(73,40,4),(73,41,4),(73,42,2),(73,43,4),(73,44,2),(73,45,4),(73,46,1),(73,47,4),(73,48,4),(73,49,4),(73,50,5),(73,51,5),(73,52,4),(73,53,3),(73,54,4),(73,55,5),(73,56,5),(73,57,2),(73,58,2),(73,59,2),(73,60,5),(73,61,2),(73,62,3),(73,63,3),(73,64,1),(73,65,3),(73,66,3),(73,67,4),(73,68,3),(73,69,1),(73,70,3),(73,71,3),(73,72,3),(73,73,2),(73,74,1),(73,75,4),(73,76,4),(73,77,1),(73,78,2),(73,79,4),(73,80,5),(73,81,5),(73,82,5),(73,83,3),(73,84,3),(73,85,4),(73,86,5),(73,87,3),(73,88,4),(73,89,5),(74,1,2),(74,2,2),(74,3,3),(74,4,4),(74,5,4),(74,6,2),(74,7,1),(74,8,2),(74,9,5),(74,10,2),(74,11,2),(74,12,2),(74,13,2),(74,14,5),(74,15,4),(74,16,4),(74,17,3),(74,18,5),(74,19,4),(74,20,1),(74,21,1),(74,22,4),(74,23,3),(74,24,2),(74,25,3),(74,26,3),(74,27,2),(74,28,2),(74,29,3),(74,30,3),(74,31,4),(74,32,3),(74,33,4),(74,34,3),(74,35,4),(74,36,2),(74,37,4),(74,38,3),(74,39,4),(74,40,4),(74,41,3),(74,42,3),(74,43,3),(74,44,4),(74,45,3),(74,46,3),(74,47,4),(74,48,5),(74,49,4),(74,50,5),(74,51,4),(74,52,4),(74,53,3),(74,54,4),(74,55,3),(74,56,5),(74,57,4),(74,58,3),(74,59,2),(74,60,4),(74,61,2),(74,62,1),(74,63,2),(74,64,1),(74,65,2),(74,66,2),(74,67,4),(74,68,2),(74,69,2),(74,70,3),(74,71,1),(74,72,1),(74,73,2),(74,74,1),(74,75,2),(74,76,4),(74,77,1),(74,78,2),(74,79,3),(74,80,4),(74,81,5),(74,82,5),(74,83,3),(74,84,4),(74,85,2),(74,86,4),(74,87,2),(74,88,3),(74,89,4),(81,1,3),(81,2,4),(81,3,3),(81,4,4),(81,5,4),(81,6,2),(81,7,1),(81,8,4),(81,9,5),(81,10,1),(81,11,3),(81,12,3),(81,13,2),(81,14,5),(81,15,4),(81,16,5),(81,17,2),(81,18,5),(81,19,3),(81,20,1),(81,21,1),(81,22,4),(81,23,4),(81,24,2),(81,25,4),(81,26,5),(81,27,3),(81,28,2),(81,29,2),(81,30,2),(81,31,5),(81,32,2),(81,33,2),(81,34,3),(81,35,4),(81,36,3),(81,37,5),(81,38,4),(81,39,4),(81,40,5),(81,41,3),(81,42,2),(81,43,3),(81,44,4),(81,45,3),(81,46,1),(81,47,5),(81,48,4),(81,49,3),(81,50,5),(81,51,3),(81,52,5),(81,53,3),(81,54,5),(81,55,3),(81,56,3),(81,57,3),(81,58,2),(81,59,3),(81,60,5),(81,61,3),(81,62,3),(81,63,3),(81,64,2),(81,65,1),(81,66,2),(81,67,5),(81,68,1),(81,69,2),(81,70,4),(81,71,4),(81,72,3),(81,73,2),(81,74,2),(81,75,1),(81,76,5),(81,77,3),(81,78,3),(81,79,3),(81,80,5),(81,81,5),(81,82,5),(81,83,4),(81,84,4),(81,85,3),(81,86,5),(81,87,3),(81,88,4),(81,89,4),(82,79,4),(82,80,4),(82,81,4),(82,82,5),(82,83,5),(82,84,4),(82,85,4),(82,86,4),(82,87,2),(82,88,4),(82,89,5),(82,90,4),(82,91,4),(82,92,4),(82,93,5),(82,94,4),(82,95,4),(82,96,5),(82,97,4),(82,98,4),(83,34,4),(83,35,5),(83,36,3),(83,37,5),(83,38,5),(83,47,5),(83,48,5),(83,49,5),(83,50,5),(83,52,5),(83,54,5),(83,79,4),(83,80,4),(83,81,5),(83,82,5),(83,83,4),(83,84,3),(83,85,3),(83,87,3),(83,88,5),(99,35,4),(99,37,5),(99,40,5),(99,46,2),(99,50,5),(99,52,5),(99,55,5),(101,67,5),(101,75,5),(101,79,4),(101,80,4),(101,81,4),(101,82,3),(101,83,4),(101,84,5),(101,85,4),(101,86,5),(101,87,4),(101,88,3),(101,89,5),(102,1,3),(102,2,4),(102,3,4),(102,4,4),(102,5,4),(102,6,1),(102,7,1),(102,8,4),(102,9,5),(102,10,3),(102,11,3),(102,12,4),(102,13,4),(102,14,4),(102,15,4),(102,16,4),(102,17,3),(102,18,4),(102,81,5),(102,82,5),(102,83,4),(102,85,3),(102,86,5),(103,14,5),(103,15,4),(103,16,3),(103,17,4),(103,18,5),(103,19,3),(103,20,1),(103,21,2),(103,22,4),(103,23,3),(103,24,2),(103,25,3),(103,26,4),(103,27,3),(103,28,4),(103,29,4),(103,30,3),(103,31,4),(103,32,3),(103,33,4),(103,34,2),(103,35,4),(103,36,3),(103,37,4),(103,45,3),(103,46,1),(103,47,4),(103,48,3),(103,49,3),(103,50,5),(103,51,5),(103,52,4),(103,53,4),(109,37,2),(109,45,4),(109,82,5),(109,86,3),(109,87,4),(109,88,4),(110,20,1),(110,27,1),(110,37,5),(112,37,5),(112,39,4),(112,48,4),(112,50,5),(112,55,5),(112,68,4),(112,76,4),(112,82,5),(112,84,4),(112,86,5),(112,89,4),(124,81,4),(124,82,5),(124,83,4),(124,84,3),(124,85,3),(124,86,5),(124,87,3),(124,92,4),(125,79,4),(125,80,4),(125,81,5),(125,82,5),(125,83,4),(125,84,3),(125,85,4),(125,86,5),(125,87,3),(125,88,4),(125,89,5),(129,20,1),(148,79,3),(148,80,4),(148,81,5),(148,82,5),(148,83,4),(148,84,4),(148,85,3),(148,86,4),(148,88,5),(148,89,4),(184,1,2),(184,2,4),(184,3,4),(184,4,4),(184,9,4),(184,10,2),(184,11,2),(184,14,3),(184,15,5),(184,16,2),(184,17,3),(184,18,3),(184,19,4),(184,20,1),(184,21,1),(184,22,3),(184,23,4),(184,24,2),(184,25,3),(184,34,3),(184,35,4),(184,36,3),(184,37,2),(184,38,3),(184,39,1),(184,40,3),(184,41,3),(184,42,3),(184,43,3),(184,44,4),(184,45,3),(184,46,1),(184,47,4),(184,48,5),(184,49,4),(184,50,4),(184,51,4),(184,52,4),(184,53,4),(184,54,4),(184,55,4),(184,56,5),(184,57,4),(184,58,3),(184,59,1),(184,79,4),(184,80,4),(184,81,5),(184,82,5),(184,83,3),(184,84,4),(184,85,4),(184,86,4),(184,87,4),(184,88,4),(184,89,4),(184,90,3),(184,91,4),(184,92,4),(184,93,4),(184,94,4),(184,95,5),(184,96,4),(184,97,5),(184,98,5),(184,99,4),(203,34,3),(203,35,4),(203,46,1),(203,47,4),(203,49,4),(203,50,4),(203,51,2),(203,52,5),(203,53,2),(203,55,3),(203,56,5),(203,57,3),(203,58,1),(203,81,5),(203,82,5),(203,84,4),(203,85,2),(203,86,5),(203,90,4),(203,93,4),(236,81,5),(236,82,5),(256,46,1),(256,47,5),(256,48,5),(256,49,4),(256,50,5),(256,51,4),(256,52,4),(256,53,4),(256,54,4),(256,55,4),(256,56,4),(256,57,5),(256,58,1),(256,81,5),(256,82,5),(256,83,3),(256,84,3),(256,85,2),(256,86,5),(256,89,5),(256,90,4),(256,91,4),(256,92,3),(256,93,4),(256,94,4),(256,95,5),(256,96,5),(256,97,4),(256,98,3),(257,81,4),(257,82,5),(257,83,3),(257,84,3),(257,85,2),(257,86,4),(257,94,3),(257,95,5),(257,96,3),(257,97,5),(257,98,3),(257,99,4),(258,14,3),(258,20,1),(258,21,1),(258,22,2),(258,28,4),(258,31,4),(258,35,3),(258,36,4),(258,37,5),(258,39,4),(258,40,5),(258,42,2),(258,45,2),(258,46,1),(258,48,5),(258,49,4),(258,50,3),(258,51,5),(258,52,5),(258,53,3),(258,57,2),(258,58,2),(258,59,3),(258,63,4),(258,70,4),(258,75,2),(258,76,4),(258,79,3),(258,80,4),(258,81,5),(258,82,5),(258,83,5),(258,84,4),(258,85,4),(258,86,5),(258,87,1),(258,88,3),(258,89,4),(258,90,3),(258,91,2),(258,92,4),(258,93,4),(258,94,4),(258,95,5),(258,96,3),(258,97,5),(258,98,5),(258,99,5),(259,95,5),(259,97,4),(263,1,1),(263,2,4),(263,3,4),(263,4,4),(263,5,4),(263,6,1),(263,7,1),(263,8,2),(263,9,5),(263,10,2),(263,11,1),(263,12,3),(263,13,2),(263,79,4),(263,80,4),(263,81,5),(263,82,5),(263,83,3),(263,84,4),(263,85,3),(263,86,5),(263,87,2),(263,88,4),(263,89,4),(263,90,3),(263,91,5),(263,92,4),(263,93,4),(263,94,3),(263,95,5),(263,96,5),(263,97,5),(263,98,5),(263,99,4);
/*!40000 ALTER TABLE `MissionRatings` ENABLE KEYS */;
UNLOCK TABLES;

--
-- Table structure for table `Missions`
--

DROP TABLE IF EXISTS `Missions`;
/*!40101 SET @saved_cs_client     = @@character_set_client */;
 SET character_set_client = utf8mb4 ;
CREATE TABLE `Missions` (
  `MissionId` int(11) NOT NULL AUTO_INCREMENT,
  `MissionTitle` varchar(45) NOT NULL,
  `MissionNumber` int(11) NOT NULL,
  `MissionAbout` text,
  `GameId` int(11) NOT NULL,
  PRIMARY KEY (`MissionId`),
  KEY `fk_Missions_Games1_idx` (`GameId`),
  CONSTRAINT `fk_Missions_Games1` FOREIGN KEY (`GameId`) REFERENCES `Games` (`GameId`)
) ENGINE=InnoDB AUTO_INCREMENT=100 DEFAULT CHARSET=utf8;
/*!40101 SET character_set_client = @saved_cs_client */;

--
-- Dumping data for table `Missions`
--

LOCK TABLES `Missions` WRITE;
/*!40000 ALTER TABLE `Missions` DISABLE KEYS */;
INSERT INTO `Missions` VALUES (1,'Training',1,'No briefing available.',1),(2,'Kowloon Triads in Gang War',2,'Welcome to Hong Kong,\n\nEnclosed in this download you will find information about your mission and a shopping list of weapons, gadgets and information that the agency is able to deliver.\n\nFor this mission we will give you your reward of $13.000 up front - spend it wisely. Remember that if the hit gets messy we will send a cleaner and deduct the money from your account.\n\nYour mission in Hong Kong will be fairly complicated. The ultimate target is a triad leader named Lee Hong. He is too well guarded and even if you succeeded in eliminating him, chances are that you would not get out of Hong Kong alive. The agency has prepared a plan that will make Lee Hong lose his influence outside his mansion.\n\nWe will get back to you when you have completed your first mission.',1),(3,'Ambush at the Wang Fou Restaurant',3,'Congratulations. The hit in Chiu Dai Park worked as planned.\n\nThe Blue Lotus Triad are terrified that Lee Hong is blaming them for the killing of his negotiator. They fear a war between the triads.\n\nWe have received information that the Blue Lotus Triad will send an emissary to the Lee Hong\'s restaurant to apologize. An assassination of the emissary and his bodyguards will look like a counter hit from Lee Hong.',1),(4,'The Massacre at Cheung Chau Fish Restaurant',4,'The hit on the Blue Lotus Triad has triggered a full-scale war between the triads. The district police chief, being on both triad\'s payroll, is quite concerned with the current predicament.\n\nA truce meeting between the two triads has been arranged by the police chief. The meeting takes place on neutral ground in a small Chinese fish restaurant. If this mission is success, Lee Hong will be within your grasp.',1),(5,'The Lee Hong Assassination',5,'Good job.\n\nThe plan is working. The police have withdrawn their protection of Lee Hong, and many of his connections are scared. Lee Hong is now accessible, but it still remains quite a challenge - Hong has a small army to protect him.\n\nThis mission will be very complex. Take your time and and explore the location before committing to action. Best wishes.',1),(6,'Find the U\'wa Tribe',6,'Welcome to Colombia.\n\nYour next target is the Colombian Drug Lord, Pablo Belisario Ochoa. Our customer wants to terminate his command.\n\nThe exact location of Pablo\'s camp is unknown, but you will be inserted into an area that should be close. The area is patrolled by Pablo\'s army, so avoid contact unless you are sure you can terminate without alarming the camp.\n\nPablo uses artifacts as a cover for his drug transportation. We know that one of his planes crashed a few days ago. On board the plane was a stolen religious idol. Returning this idol to the local tribe might endear you with them. We would be surprised if they did not know an alternate route to the Pablo\'s camp.',1),(7,'The Jungle God',7,'The Indian tribe knows a secret passage to Pablo\'s camp. It is a small hidden tunnel through the mountains. The passage is guarded by what the Indians call \"Tezcatlipoca\", the god of death. We have a video that proves that this \"god\" is merely a very large jaguar. But that does not make it any less dangerous.',1),(8,'Say Hello to My Little Friend',8,'The camp is now just a few feet away from you. Be careful. It is very well guarded. Once inside the camp you should be able to find plenty of weapons and ammunition.',1),(9,'Traditions of the Trade',9,'Welcome to Budapest.\n\nAt the Thermal Bath Hotel in Budapest, a peace summit is being held. Attending are all the leaders of the world\'s great nations, and naturally, the renowned hotel is swarming with security.\n\nNone of these notabilities are your target. The Austrian terrorist, Frantz Fuchs, is planning to blow up the hotel. If successful, it will change the world forever.\n\nFrantz Fuchs is your target. Normally we would not care about the leaders, but preventing the attack will make us popular with many governments and could mean a new clientele for our business.\n\nOur customer has requested the bomb, so you have to take it out of the hotel.',1),(10,'Gunrunner\'s Paradise',10,'Welcome to Rotterdam.\n\nYour next target is the man who supplied Lee Hong and Pablo with weapons, the notorious gunrunner Arkadij Jegorov, aka Boris.\n\nBoris is hiding on his ship somewhere in the harbor of Rotterdam, but we do not know the exact location. We have information that a local Dutch Gang has arranged to purchase some of Boris\'s merchandise. By tracking them, we might be able to locate the ship.\n\nOur intelligence department has stumbled across a weird fact that you should know. It seems that Lee Hong, Boris, Frantz Fuchs, and Pablo all served in the French Legion together. If that is a coincidence, it is one weird coincidence...',1),(11,'Plutonium Runs Loose',11,'Well done. The GPS you \"sold\" to Ivan led us to Boris.\n\nWe have to move fast. Boris is getting ready to leave Rotterdam! You will be inserted next to the quay where Boris\'s ship is located. The area is locked off and the gates are guarded.\n\nNote: we have last minute information that there might be a nuke on-board the ship! The model is old so you should be able to disarm it if necessary.',1),(12,'The Setup',12,'The Agency is in turmoil.\n\nOur intelligence department is working on a theory that the customers for your last four hits are actually just one person! As I wrote you earlier we normally won\'t take part of larger wars. But it turns out that this one customer is very powerful. So powerful that the board of directors has accepted another mission from him.\n\nThis was done under the condition that it was the last contract and that another of our agents did the job. The customer accepted the first condition, but refused the second - and the board gave in on that. The customer only wants you! That is understandable considering your track record, but it reeks.\n\nThe next mission is very simple so do me a favor - stay cool no matter what happens!',1),(13,'Meet Your Brother',13,'\"The return of the prodigal son - now this calls for a celebration! Heeeere\'s daddy! Welcome home!\n\nI gave you the best start in life - perfect genes! You are a perfect diamond, but it seems there is a bit of grinding to do, before you\'re finished!\n\nYou little ingrate! I should have known you would rebel against your old man - not at all like No. 48. Now there is a loyal and trusting clone. Man was made at the end of the week\'s work, when God was tired. I greatly improved on all of the built-in flaws. I\'ll prove to the whole world who\'s right - and decide who will be left! A little play on words, my boy - I know you like that sort of thing.\n\nSon - I hope you know that this will hurt me more than you. The effort to make you! Every little manipulated gene! Oh you were so pampered! You are the apotheosis of Man! When I created you, I was standing on the shoulders of midgets. But I ironed out all the wrinkles - and still you turn on me! I discovered the true power of 47 chromosomes. Do you think that was easy? As always, I was ahead of my time. They shook their bony little heads, looked at me with their beady little eyes and said I was crazy. You, my friend, and living proof I\'m not!\n\nI know you want me dead, my boy, and I forgive you! But let me tell you - dying is the last thing I plan to do! You wouldn\'t believe what my experiments in re-combinant DNA have made possible!\n\nIt\'s such a comfort to see you working so perfectly - I knew I was on the right track. I will close this chapter, and turn a fresh page! You have problems with subordination, and we can\'t have that, can we? I have the power to create life, to mold, tailor and perfect humans - do you have any idea of the potential - no mushy sentiments, no quirky traits - and no betrayal! - DO YOU HEAR ME?\n\nIf you only knew what painstaking research went into this project. I had a clear vision of it - but you look into the sun, and all you see is darkness! I had the power to shed new light, to erase all previous scientific knowledge in this field. I was setting new standards - don\'t you understand?\" ',1),(14,'Anathema',1,'47 - This is Diana from Agency. We\'re all happy you\'re back doing business for us.\n\nThis mutual arrangement we made to rescue your friend and mentor Father Vittorio means you will have to take care of a number of mafia members residing at the Villa Borghese, where he is kept hostage in the basement.\n\nPrime target is Giuseppe Guillani. Security is not exactly lax - plenty of guards roaming the mansion compound. However, don\'t expect to free Vittorio just like that.\n\nThe Don is running a tight ship, and if alarmed he will probably kill the hostage and escape. They are used to people coming to pay respect, ransoms or bribes - but they are alerted by unusual activities, check out the map we have of the grounds.\n\nBuena Fortuna, 47!',2),(15,'St. Petersburg Stakeout',2,'47 - Diana here. Sorry that you had so little luck at the mansion. It\'s really hard to tell where Vittorio was taken. We lost track of him at the airport. \n\nThe Agency does, however, feel that we fulfilled our end of the deal, and expect you to comply with the terms by completing a minor assignment at St. Petersburg. \n\nYour objective is to take out an ex-KGB officer, participating in a secret meeting, solely arranged so that you can take a clean shot at this officer. \nThe meeting is taking place at 1300 hours today in the Pushkin Building on Varosnij Square. The room is on the 2nd floor in the west wing, overlooking the square. The windows are marked on the attached image. \n\nThe building is the former FSB headquarters, and can only be accessed from the square. There\'s one main entrance and a back entrance - both heavily guarded by FSB paramilitary personnel. \n\nThe target must be eliminated during the meeting, which is scheduled to last 5 minutes. \n\nAbsolutely nobody in the meeting room except the target must be harmed. This is very important, 47. \n\nUpon arrival by metro you will find your equipment paraphernalia in locker # 137 at the station. Your escape route is returning with the train.\n\nAvoid all contact with soldiers and guards. They are instructed to remove any civilians from the area. ',2),(16,'Kirov Park Meeting',3,'Here we go, 47. First of all, on behalf of all of us at Agency, thanks for continuing with us to clean up all this mess. You are required to return to St. Petersburg. \n\nIt seems that your previous assassination really scared the remaining generals. \n\nThey have all begun their own investigations into what happened. Our client is pretty unhappy about this. We need to stop these generals fast. \n\nWe\'ve received information that one of them - General Makarov - is to meet a local mafia boss to buy some protection and hopefully info on who could have carried out the hit. \n\nThey have a preferred meeting point in Kirov Park - nice, secluded and out in the open. We\'ve got some old spy footage of them meeting previously for your reference. \n\nOur intelligence says they are scheduled to meet in Kirov Park at 1400 hrs today, local time - check out your map. \n\nThey will both be arriving in armoured Zil-115 limos, but in separate motorcades. Watch out for roadblocks and patrolling guards. \n\nYou will find your equipment down by the pier. 47, I repeat - intercept the meeting and eliminate both targets. ',2),(17,'Tubeway Torpedo',4,'47 - Diana here. Brilliant! \n\nOur client is most satisfied, but is still in a hurry to stop the last two generals before they get close to the truth. \n\nWe\'ve received information that one of the generals, general Mikhail Bardachenko, is interrogating people in the basement of the military facilities just off Nevsky Prospekt. \n\nThe video was recorded by a security cam almost two days ago, so we have to hurry. \n\nSomewhere in the multilevel maze of corridors you will find your target - make sure the prisoner being interrogated escapes unscathed. \n\nYour equipment is in the supply yard near a crate marked \"FCK\" just behind the main entrance. \n\nSecurity is beefed up because of the rumors of an impending assassination attempt on the general. \n\nSo - once you\'ve completed your mission, there\'s only one way out. \n\nBlast your way through a wall out into the sewers and return to the subway - we\'ve located the only place where the walls are thin enough - it\'s marked on your map. \n\nKeep it clean, 47! ',2),(18,'Invitation to a Party',5,'47 - this is Agency, Diana speaking. Your assignment is to eliminate Vladimir Zhupikov, the fourth general from the arms deal. He has defected to the German Embassy, and will be requesting asylum in Germany. \n\nIt is vital for our client that his suitcase is retrieved - it contains a guidance system the general probably will try and peddle to the highest bidder in the West. \n\nThere is a party tonight at the Embassy, and loads of glitterati and socialites - a perfect cover for your assignment, so wear a tux. \n\nUnfortunately, we couldn\'t provide an invitation. And remember - security is ultra tight, so bringing any sorts of weapon in from the outside is impossible. \n\nThere\'s more. The Russians are furious about the prospect of a former general defecting to a NATO-country. \n\nWe have surveillance recordings of a Spetznaz agent receiving an invitation to this party - check this video to identify this agent. \n\nWe also recorded the General arriving at the embassy. See to it that you get that briefcase, it\'s standard ICA practice, we don\'t want problems with competitors, 47. \n\nI repeat, take out the general and get the suitcase. Good luck, 47. ',2),(19,'Tracking Hayamoto',6,'47 - This is Diana from the Agency. Nice work at the embassy - sorry to disturb your peace in Sicily, but we have another mission for you.\n\nThese are the details: our client wants you to eliminate Masahiro Hayamoto, a well-known arms dealer, who\'s got an important missile guidance system.\n\nHowever, we have no details on his secret hiding place. But his son, Masahiro Hayamoto Jr. and Tanaka Kusahana, a top leader of the Yakuza are having a business meeting at a known location.\n\nIt\'s a pretty remote location, but still with tight security. Your objective is to plant an electronic tracking device in Hayamoto Jr., then eliminate him so his corpse will be brought to Hayamoto Sr.\n\nCheck the map - and watch out for the many yoyimbos guarding the meeting place. 47 - I repeat: Your objectives are to place a transmitter inside Hayamoto Jr. and then eliminate Hayamoto Jr. ',2),(20,'Hidden Valley',7,'47 - this is Diana from Agency. We\'ve been monitoring the small tracking device in the late Hayamoto Jr. \n\nWe managed to track down Hayamoto Sr., thanks to your fine work. We\'re quite excited since Hayamoto hasn\'t been registered in public for more than 15 years. \n\nHe emerged at one of his castles in central Japan. This makes it a very tricky assignment. \n\nYou must make your way through some very tough security and bypass a lot of electronic surveillance in order to access the castle undetected. \n\nYou might need to take out the power grids to the alarm units. The whole area is studded with tripwires, guards, substations, alarm units, guard towers, etc. \n\nStrategic planning is extremely important - all their systems are on high alert, so consider your moves there. Your equipment is hidden in a truck just outside the entry gates. \n\nWhen you get the equipment we\'ll brief you on the position of alarm units as well as guard movements. \n\n47 - I repeat: Find the truck with equipment, wait for our briefing, get to the castle undetected, and take out the castle alarm before entering. ',2),(21,'At the Gates',8,'47 - this is Diana from the Agency. We\'ve been monitoring the small tracking device in the late Hayamoto Jr. \n\nWe managed to track down Hayamoto Sr., thanks to your fine work. We\'re quite excited since Hayamoto hasn\'t been registered in public for more than 15 years. \n\nHe emerged at one of his castles in central Japan. This makes it a very tricky assignment. ',2),(22,'Shogun Showdown',9,'47 - Diana here! I see you managed to infiltrate the castle. Good work! This castle, Katsuyama-Jo, is the headquarters of Masahiro Hayamoto.\n\nYour objective is to track down Hayamoto and eliminate him, as well as get away safely with the missile guidance system in his possession.\n\nAlthough this squeaky old fortress may look obsolete, make no mistake - it\'s equipped with all the latest electronic security measures.\n\nOn top of that, the place is crawling with ordinary security guards at lower levels, and Hayamoto\'s own handpicked yoyimbos at the top.\n\nApproach this assignment with the utmost caution, 47 - these people are ruthless, fanatical, and extremely clever.\n\nI repeat, 47 - evade guards and security measures, eliminate Hayamoto and secure the missile guidance system before escaping.',2),(23,'Basement Killing',10,'47 - this is Agency, Diana here. So far no news on Father Vittorio, but we got a neat little mission for you in Malaysia.\n\nIn Kuala Lumpur, you will find the headquarters of a very talented hacker and kleptology expert, Charlie Sidjan - he has managed to steal an extremely valuable piece of software.\n\nIt works as a key signature in military software, and was until recently the exclusive property of the US government.\n\nWith this nifty piece of software in the hands of an adversary, any incoming missile will be detected as American, which renders an otherwise clever missile shield worthless.\n\nOur client wants to retrieve this piece of code and exterminate Charlie Sidjan and all records of this code.\n\nHe is running his business under cover of a company called Carniwarez Inc. Computer Systems. Their network is completely sealed off and inaccessible.\n\nYour objective is to assassinate Charlie Sidjan and place a small dongle on the main server of Carniwarez Inc. Computer System.\n\nThis device will allow outside access to the systems.\n\nThere are guards with intercoms everywhere, closed circuit surveillance of all areas and elevators, metal detectors and reinforced steel doors with electronic locks. Your target is in the 2nd basement.\n\nContinue from there with the direct elevator to Carniwarez main office. You will have to shut down some of the surveillance systems by the elevator.\n\nThe only visual ID we got is the footage of Charlie. It\'s from his 6th birthday. From what we know, you should be able to recognize him from this.\n\nGet your equipment in locker no 137. Find Charlie Sidjan in the basement area. Kill him and access Carniwarez by the direct elevator.',2),(24,'The Graveyard Shift',11,'47 - this is Diana again. We checked up on your last information - it seems you\'re right.\n\nBut first - let\'s stick to the assignment.\n\nYou must place the dongle on the master server, situated in a locked and air conditioned room. That way our client will be able to access the system and retrieve the encoded information.\n\nThe only way to access the room is by use of the system administrators key card.\n\nOn this floor there are guards patrolling at regular intervals. Some staff will be working late. Hopefully also the system administrator. Check out the map for an outline of this floor.\n\nHappy hacking, 47!',2),(25,'The Jacuzzi Job',12,'47 - Diana here. An insider has informed us that your bonus target is indeed a twin playboy, with a passion for cheap women and expensive art.\n\nHe\'s got plenty of both, including an extremely rare and valuable 16th century statue. So security is tight.\n\n(47) I\'m just outside the penthouse now, looking in - it looks like there is a twin. I will proceed as requested.\n\nThose are the orders. Are you absolutely sure that this is Charlie\'s twin...?\n\n(47) Yes - Definitely looks like him. Although he behaves differently.\n\nAlright. Our client would prefer it if you could make this look like a simple burglary gone bad - so kill him, steal some valuables and escape by the elevator.',2),(26,'Murder at the Bazaar',13,'47 - this is Diana. We require your services once again, and this time you will have to prove your money\'s worth. Our client has lost some cargo, which he wants back at any cost.\n\nIt appears to be stolen by a bunch of renegades, armed to the teeth. The cargo is hidden somewhere in the desert.\n\nThis is a two-stage mission - first you must eliminate Lieutenant Ahmed Zahir and get a map from him. It shows the location of the cargo.\n\nHe\'s quite weak, has a pacemaker and goes for a nap every day after noon prayers, so this is a good time to eliminate him without raising any suspicions. If the alarm is sounded, the mission will fail.\n\nHe is well guarded and behind locked doors, where only his trusted personal bodyguards have keys and access. Both his and the guards\' quarters are situated in front of the palace.\n\nWhen this is done, you will have to kill Colonel Mohammad Amin and steal the key he\'s holding. It\'s an important part of the cargo.\n\nCall me when you\'re done with the lieutenant and I will brief you on the whereabouts of the colonel.\n\nOn the video you can see both targets. It\'s the lieutenant entering the house.\n\nI repeat - eliminate the lieutenant without any alarm, get the map, and call me for further information.',2),(27,'The Motorcade Interception',14,'47 - Your target is a local khan, Abdul Bismillah Malik. You won\'t have any trouble recognising him - his picture is on posters all over the city.\n\nHe\'s currently trying to sell the cargo to the UN which is here to checkout the goods later today.\n\nThe khan is returning to his palace together with a contigency of UN troops. They will arrive from the east along the road.\n\nEliminate him before he reaches his palace - but without harming any of the UN soldiers. It would be detrimental to the business, 47 - so keep it clean!\n\nThe villagers are a bit edgy if they catch a foreigner carrying big guns around within their perimeter - so watch your move.',2),(28,'Tunnel Rat',15,'47 - it\'s Diana here. Your assignment is to eliminate Lieutenant Yussef Hussein, commanding officer of an underground base - see the surveillance video for ID.\n\nAlso, you need to secure the cargo that the khan tried to hide here, and have it transported safely to the surface. A chopper will pick up the cargo.\n\nLots of soldiers on the base, and patrolling guards on constant high alert - they will react immediately and swiftly, if you are detected.\n\nStealth and surprise is important here, 47 - I repeat: access the base, take out the lieutenant and secure a safe transport of the cargo to the surface.',2),(29,'Temple City Ambush',16,'47 - this is Agency, Diana speaking.\n\nYour mission is to gain access to the sacred cult through a secret passage from behind one of the shops.\n\nOur client was doublecrossed in Afghanistan - that chopper plus cargo was stolen by this cult. And now he wants you to retrieve it.\n\nWe have some information that a couple of thugs are on the prowl inside looking for suspicious foreigner - so check your map and watch your step.\n\nYou\'ll find your contact inside in the \"International Parcel Service\". He will have more info on your mission.\n\nBe careful, 47 - rumor has it there\'s a very powerful foe lurking in the shadows somewhere close to the cult leader, wherever he is.\n\n47, I repeat - dodge the assassins, find your contact, and he\'ll brief you on further mission details. ',2),(30,'The Death of Hannelore',17,'Once inside, you will have to find and kill the cult leader\'s personal physician and main propagandist, von Kamprad, and the on to hospital island, where the cult leader is.',2),(31,'Terminal Hospitality',18,'47 - this is Diana. Your mission is to find the cult leader Deewana Ji and eliminate him - he\'s presently committed to the hospital to undergo heart surgery.\n\nHe needs a new heart and a pacemaker.\n\nThe complex consists of the hospital itself as well as Shiva Temple, reserved for devotional and religious practices for the top members there.\n\nThe hospital has different floors with sick wards and treatment units.\n\nYou will find a package in Dr. Chakran\'s office with equipment that will help you complete this mission. I repeat, 47 - collect the package, find the cult leader and kill him.',2),(32,'St. Petersburg Revisited',19,'47 - this is Diana. There\'s been an unexpected turn of events involving our recurring client, Sergei Zavorotko. It appears that he is the terrorist whose nuclear arms got stolen by the Indian cult.\n\nThe UN has reasons to believe that Sergei is dealing in vast amount of nuclear and chemical arms.\n\nThe UN has no mandate to handle such contingencies - but they still want to eliminate this world terrorist, so this is where we come into the picture.\n\nIt\'s very much against our principles to perform a hit on a former customer - but considering the potential business from the UN, we\'re making an exception in this case.\n\nAnd since you already know the area - and you are our top performer in the trade - we have chosen you to carry out this mission.\n\nSergei is still occupying the same office in St. Petersburg, where you carried out the first mission for us, coming out from retirement.\n\nHe\'s very paranoid by now - check your map, refresh your memory and retrace your steps there.\n\nUpon arrival with the metro you will find your equipment in locker # 137 at the station. Your escape route is returning with the train.\n\n47, I repeat - take out our former client Sergei Zavorotko in his office on the 2nd floor in the Zaitsev building on Pushkin Plaza - same place, same procedure - good luck!',2),(33,'Redemption at Gontranno',20,'No briefing available.',2),(34,'Asylum Aftermath',1,'No briefing available',3),(35,'The Meat King\'s Party',2,'Hello, 47 Diana From The Agency here.\n\nWe been contacted by a Romanian client. Given the complicated nature of his request, we recommended you for the job. The client wants this taken care of quickly and has agreed to your standard fee.\n\nSo, here we go...The client believes his daughter is kidnapped and possibly killed by the Romanian \"Meat King\". A Scotsman named \"Campbell Sturrock\", the Romanian courts disagreed. Sturrock\'s Romanian lawyer, \"Andrei Puschus\" got the case thrown out.\n\nOur client wants this settled out of court. Crash their party and take them both out. We sent some details for you to read. If you accept this mission your fee will be transferred to your account.\n\nTake care 47, it\'s a pleasure to be working with you again.',3),(36,'The Bjarkhov Bomb',3,'Hello, 47 Diana here.\n\nThere is an extraordinary coincidence taking place in Siberia. Two high profile targets will be meeting each other for the first time. Our client wants you on the job. It\'s a golden opportunity to get to both men, making it a high-risk high-reward operation. There\'s no margin of error on this one and our client is not accustomed to disappointment.\n\nYour codename on this operation is \"Mr. Byrd\", our man on the base will answer to the codename \"Yurishka\".\n\nThis might look like a straight forward mission, but be careful 47, you don\'t want any extra trouble in that environment.',3),(37,'Beldingford Manor',4,'Here\'s an odd one, 47.\n\nOur client\'s son, Giles Northcott, was recently abducted by Lord Winston Beldingford and Alistair Beldingford. The client wants his son freed and he wants both Beldingfords, father and son, taken out.\n\nThere\'s a hunting party at the family manor this weekend and the guests should give you extra cover. There\'s been a high turnover on their domestic staff, so that may be another in, take care of business and get out of there 47.',3),(38,'Rendezvous in Rotterdam',5,'We need you in Rotterdam, 47.\n\nPrimary target is \"Rutgert Van Leuven\". He is the head of an international crime group that\'s auctioning off some photographs on the black market. Our client would prefer these photographs to remain unseen.\n\nThe group works through a biker gang that Van Leuven\'s president of. Our client already sent a man in, a freelancer named Klass Teller, but Teller has either failed, or turned. Our client sees him as a risk either way, take him out.\n\nVan Leuven\'s got a meeting lined up with a journalist who wants the pictures for his tabloid. That may give you the cover you need. Get the photos, hit the targets and we\'ll be in touch. ',3),(39,'Deadly Cargo',6,'It\'s Rotterdam again, 47.\n\nA good news, bad news scenario. An international arms smuggler named \"Boris Ivanovich Deruzka\" is trying to purchase a nuclear weapon from the biker group you\'ve already dealt with. The deal is going down in Rotterdam harbor. Boris has a ship, the \"Katerina Ivanovna\" and he\'ll be waiting for the weapon to be delivered by car.\n\nThe Rotterdam police are on it, the bad news is, they want Boris Deruzka alive, our client doesn\'t. Get in there, take him out and get out any way you can, 47. I don\'t need to tell you how high the stakes are on this one.\n\nYou\'re getting a triple fee on this one, 47, so don\'t disappoint our client.',3),(40,'Traditions of the Trade',7,'Hello 47. the Fuchs brothers are at it again.\n\nFrantz Fuchs appears to be planning to detonate a chemical bomb at a UN conference in Budapest. He\'s staying at the \"Thermal Bath Hotel\". He\'s registered as \"Bjorn Wulff\", our client wants Fuchs taken out as discreetly as possible and wants the bomb retrieved, for analysis. Security is very tight, so discretion is the key. Once you\'ve taken care of business, we\'ll send you a car to pick you up. ',3),(41,'Slaying a Dragon',8,'Welcome to Hong Kong, 47.\n\nWe\'ve been contacted by an extremely wealthy client. He\'d like to eliminate a certain \"Lee Hong\", leader of the \"\"Red Dragon\" Triad, he also wants to destroy the triad itself.\n\nMr. Hong is much too powerful to approach right now! You\'ll have to trigger a war between the two leading triads and get Hong when he\'s weak. First step, take out the representative he\'s sending for business negotiations with the Blue Lotus Triad at \"Chiu Dai\" park. Be sure the Blue Lotus negotiator survives, to take the blame.\n\nThere\'s no information on the identity of Lee Hong\'s representatives, but it\'s a formal meeting so he should be in the Red Dragon\'s colors. He\'ll be on the defensive, so be on your guard, 47.\n\nOur client specifically requested to have you carry out this assassination, so kindly provide the style he\'s paying for. ',3),(42,'The Wang Fou Incident',9,'Diana here, 47.\n\nThings are moving in the right direction, but the triads are desperate to avoid an all out war. They\'re holding a summit on the Red Dragon turf to negotiate a truce, before things get out of hand. The meeting\'s at the \"Wang Fou Restaurant\", a heavily guarded Red Dragon property.\n\nThe Blue Lotus negotiator is an older male, who will be arriving by limo. Take him out to prevent the truce from going through. We want the Red Dragons to take the blame, so we can\'t have any Blue Lotus members around as witnesses.\n\nGet rid of them all, 47. This one doesn\'t have to be pretty. ',3),(43,'The Seafood Massacre',10,'The Triads are ready for war, 47!\n\nBut the Hong Kong police is stepping in to preserve the peace. The Chief of police himself is presiding over a meeting of delegates, from the Red Dragons & the Blue Lotus, at the \"Cheung Chau Fish Restaurant\".\n\nIf you eliminate the Red Dragon negotiator and then frame him for the murders of the chief of police & the Blue Lotus negotiator, all becomes inevitable. Even the police will align themselves against the Red Dragons, making Lee Hong vulnerable at last.\n\nSecurity is obviously tight because of the police involvement. Remember, 47, the hits are important, but they don\'t do anything unless the Red Dragons take the blame.\n\nWatch yourself, 47, the chief of police and the Blue Lotus negotiator are pretty tight and won\'t be easy to fool. ',3),(44,'The Lee Hong Assassination',11,'All the pieces are in place, 47!\n\nLee Hong\'s been backed into a corner. He\'s hunkered down in his stronghold. We did have a man in there, but we haven\'t heard from him in weeks. Assassinate Hong, get his Jade Figurine and come on home.\n\nYou\'ve got to succeed on this one, 47. There won\'t be any second chances.',3),(45,'Hunter and Hunted',12,'Hello, 47 Diana here.\n\nYour next assignment is in Paris, at \"L\' Opera D\'Orleans\" to be precise. You have three targets, all three will be at the opera house on Friday.\n\nThe first is Portuguese tenor \"Philippe Berceuse\", who will be playing \"Mario Cavarodossi\" in the opera \"Tosca\". His lifelong friend, American Ambassador \"Richard Delahunt\" will be attending the opera, along with a new friend of theirs \"Inspector Albert Fournier\" of the metro-politian police. All three targets must be eliminated.\n\nWe\'ve placed a package for you in the dressing room, under the name of \"Flech Fisher\". It\'s got some useful tools and more indepth information on the targets.\n\nGood luck, 47 there\'s a lot of money on the line with this one.',3),(46,'Death of a Showman',1,'Welcome to the states, 47.\n\nThis should be a straightforward operation. We need you to penetrate an abandoned amusement park, locate the owner and take him out. The target, is a Joseph Clarence, also known as \"Swing King\".\n\nAn accident involving one of the rides at the park a few years back forced him to close it down. Our client has made a special request that the photograph you have in your possession be the \"last thing the target sees.\" Mr. Clarence has some how become involved in a narcotics distribution ring, so the park may still have some amusements.\n\nEnjoy the ride, 47. ',4),(47,'A Vintage Year',2,'Hello, 47.\n\nYour next target\'s in Chile. His name is Fernando Delgado. Used to be a Colonel in Pinochet\'s intelligence service; now he\'s running a cocaine factory under cover of a vineyard. Satellite imaging suggests that the lab is underground.\n\nFernando\'s son Manuel is in on the coke trade, so to make it look like a drug hit, you\'ll need to take him out too. We\'ll get you in with a pensioner\'s club from Santiago for the big celebrity unveiling of Delgado\'s new wine label, named for 80s \"B\" action star Rex Stanton.\n\nThere\'ll be at least one T.V. crew on hand, so keep an eye on them and their cameras.\n\nDelgado\'s got a seaplane, and that may be your best way to get out in a pinch. ',4),(48,'Curtains Down',3,'Hello 47. We\'ve got some business at the Paris Opera. There are two targets: The famous tenor, and Richard Delahunt, the American Ambassador to the Vatican.\n\nOur client claims they\'re behind a prostitution ring trafficking in boys and girls from Eastern Europe. Tosca is still in rehearsal, so there\'s plenty of activity at the opera-house and you shouldn\'t be too conspicuous. Ambassador Delahunt watches most rehearsals from his box. He travels with an armed escort, but there shouldn\'t be any other security to speak of. You\'ll get some cover from the construction crew renovating the theater for the new season. We\'ve also left you a pick-up at the cloak room. In the third act of Tosca, the tenor faces a firing squad.\n\nThat scene may provide a useful opportunity. It\'s a straightforward assignment, 47, but the Agency\'s been having some problems in Paris. Use extreme caution. ',4),(49,'Flatline',4,'It\'s good to have you back, 47. I\'m glad to hear you\'re fully recovered. Your next assignment\'s in Northern California.\n\nThree mobsters have been checked into a rehab clinic for alcoholics. One of them plans to turn state\'s witness as soon as he\'s discharged. Our client wants to avoid that but we don\'t know which of the three is the target. An undercover agent placed at the clinic to find out hasn\'t been heard from in a few days. The clinic will only discharge patients if they\'re sober or dead.\n\nThe agent who\'s in there is apparently being kept drunk for unknown reasons, so you\'ll have to kill him to get him out - but we need him alive. We\'re giving you an experimental serum that\'ll give him the appearance of being dead, along with the antidote to bring him back once you\'re out. Something\'s very wrong at this clinic, 47. Keep your eyes open. ',4),(50,'A New Life',5,'We\'re sending you down to the other end of the state, 47.\n\nThe target\'s a gangster by the name of Vinnie Sinistra. He\'s in a witness protection program pending a court appearance later this month. Our client wants to be sure Sinistra doesn\'t make it to the witness box. Sinistra\'s also got some hard evidence that can\'t be allowed to see the light of day. Our clients think it may be on a bit of microfilm, ensure that you retrieve it.\n\nSinistra is extremely unstable and hasn\'t taken well to suburban life. They\'re having a birthday party for the youngest child on Sunday, and this may give you the angle you need to get in. The house is being monitored and protected by the feds, so extreme discretion is required.\n\nTread lightly, 47.',4),(51,'The Murder of Crows',6,'Hello, 47. The American Secretary of the Interior is being targeted for assassination at today\'s Mardi Gras parade. We\'re not sure who\'s behind the hit, but our client wants you to prevent it by taking out the would-be assassins.\n\nThere are three. The leader is Mark Purayah, Jr. His associates are Raymond Kulinsky and Angelina Mason. Kulinsky\'s a former world-class biathlete, so he\'s probably the trigger man. Mason is probably just recon and support. They\'re romantically involved and mentally unstable, so expect a violent reaction if either of them learns the other is dead.\n\nTheir whereabouts are a mystery but we\'ve identified the payment on its way to them. The money should lead you straight to them. There\'ll obviously be a lot of civilians in the mix on this one, and a high-profile hit like this is bound to have backup units on site, so you\'ll have to be even more discreet than usual. ',4),(52,'You Better Watch Out...',7,'Hello, 47.\n\nYour next assignment\'s in the Rocky Mountains. Senator Bingham is being blackmailed by pornography tycoon Lorne de Havilland, who has a compromising video of the senator\'s son, Chad. The video shows Chad playing a little too rough with a nightclub dancer during a creative sexual tryst at one of de Havilland\'s adult nightclubs. The girl didn\'t survive the encounter.\n\nSenator Bingham\'s involved in a tight re-election campaign. The video could cost him the election. So could any future misbehavior by his son. Our client wants Havilland and Chad taken out. He also wants the videotape. The client\'s arranged for Chad to attend de Havilland\'s annual Christmas party at the porn tycoon\'s mountain estate. We\'ve got a recent photo of Chad but de Havilland is camera-shy and the most recent picture we could get our hands on is ten years old. This won\'t be easy, 47. The property isn\'t heavily guarded, but there will be heavy security on the premises.',4),(53,'Death on the Mississippi',8,'Welcome to the Mississippi, 47.\n\nA local gang known as the Gators handle the distribution of drugs up and down the Mississippi. The Gators move their merchandise on a tourist riverboat. Our client wants you to shut them down.\n\nYour job is to eliminate the six Gator crew members and their boss. The client also wants any documents you find in the boss\'s safe, which is somewhere on the upper deck. The Gators stay in their private area on the top two decks of the ship. Access to that area is limited. We have no other information.\n\nKeep up the good work, 47.',4),(54,'Till Death Do Us Part',9,'Hello, 47.\n\nOne more assignment from our Mississippi client. Margeaux LeBlanc has married the leader of the Blue Claws. They were just married in a civil ceremony, but they\'ll be having a private ceremony for friends and family to celebrate. Your targets are the groom and the father of the bride. The bride herself is absolutely off-limits.\n\nWe ought to be able to get you back to civilization after this one.',4),(55,'A House of Cards',10,'Welcome to Las Vegas, 47.\n\nThere\'s a white supremacist from South Africa, his name is Hendrik Schmutz, who is trying to sell some DNA material and lab reports to the wealthy Mohammad Faisal Al-Khalifa. The sheikh is working for someone else, but we\'re not sure who. Our client wants to force them into the open by disrupting the deal.\n\nYou\'ve got three targets: the Afrikaner, the sheikh, and the sheikh\'s scientist, who\'ll be there to verify the material. We\'ve been losing a lot of agents lately, 47. Any mission could be a set-up at this point.',4),(56,'A Dance with the Devil',11,'It\'s over, 47.\n\nI\'m closing shop on this end. This will be your last assignment. There are two targets. Vaana Ketlyn, a former Romanian circus performer who\'s now a big player in the global gray market, and a CIA operative who\'s been playing both sides of the fence.\n\nKetlyn\'s hosting a masquerade party at the Shark Club, in Vegas, and the CIA op\'ll be there to close a deal. Even if this job isn\'t a set-up, your presence will almost definitely be expected.\n\nYou\'re our only surviving agent, 47. Find out whoever it is that\'s been coming after us. Eliminate both targets - and anyone that targets you - and exit in the vehicle I\'ll have ready for you in the parking garage. You\'ve been a very effective agent. It\'s been pleasant to work with you. I hope the future is kind to you.',4),(57,'Amendment XXV',12,'Listen up, 47.\n\nThe President of the United States is about to be assassinated. You\'d expect the CIA, FBI, or Secret Service to prevent the assassination, but we can\'t rely on them. We can\'t rely on them because the man behind the assassination is the acting Vice-President. The same shadowy group that had him appointed to the Vice-Presidency wants to put him into the Oval Office. They\'ve got pull at every domestic agency.\n\nThe assassins are probably already in position, in the White House. Unless you can stop them, the President will almost certainly be assassinated as soon as he returns from Los Angeles. Your target is the notorious assassin Mark Parchezzi III and the Vice-President himself. ',4),(58,'Requiem',13,'No briefing available.',4),(59,'A Personal Contract',1,'According to ICA division chief Benjamin Travis, my former handler Diana Burnwood has gone rogue, taking with her a valuable agency asset; a girl named Victoria. My objective: eliminate Diana and retrieve the girl. Personal note: Diana saved my life. Although the grounds for termination are just, I take no pride in this assignment. She is my target. I must not get personally involved.',5),(60,'The King of Chinatown',2,'Birdie. Once the Agency\'s top intelligence man. In order to protect the girl, I need him as my eyes and ears. But his services won\'t come cheap. This man is a merchant. Quid pro quo. Everything comes with a price. To recruit him, I must first take out his business rival. Official contract or not, this \'King of Chinatown\' has to die.',5),(61,'Terminus',3,'Birdie\'s intel is never wrong. A midwestern arms manufacturer named Blake Dexter is in Chicago searching for Victoria. The Agency would never share their secrets with outsiders; someone else must have leaked the information. But who? I can\'t trust anyone. All I know is that the girl is innocent. She doesn\'t deserve this. I will infiltrate Blake Dexter\'s suite at the Terminus Hotel and learn the truth for myself. Then I shall decide on his fate.',5),(62,'Run for Your Life',4,'As a rule, I am transparent. Inconspicuous. Blending in with the shadows is how I operate. People don\'t see. Not unless you draw their attention. When they discover the maid\'s body, how long before someone remembers? A man. A suit. A face? I\'ve been reckless. I underestimated the arms dealer and now I\'m paying the price. I must get out...reach street level, keep a low profile, escape in the crowd. The police are closing in...',5),(63,'Hunter and Hunted',5,'Time to regain focus. According to Birdie, strip club owner Don Osmond is Blake Dexter\'s informant. He put the arms dealer on Victoria\'s trail. I will remove him from the equation before he causes any more damage. Personal note: Birdie did not give me this information out of the goodness of his heart. He stands much to gain by Osmond\'s death. This is a fragile alliance. I have to tread carefully.',5),(64,'Rosewood',6,'Birdie has sold out Victoria to save his own life. Part of me understands. This was never his fight. I shall deal with him later. For now, all that matters is the girl. I must get to her before Wade and take her somewhere safe. Nobody will stand in my way.',5),(65,'Welcome to Hope',7,'The matchbox in Wade\'s pocket has led me to The Great Balls of Fire, a rowdy roadside bar on the outskirts of Hope, South Dakota. If I find Lenny, I find Victoria. I made a promise; to the girl and to a dying friend. So far I have let them both down. I will make this right. Lenny. Dexter. Travis. They are all going to pay.',5),(66,'Birdie\'s Gift',8,'Birdie. He took my Silverballers as payment for his services. Now, he is giving them back. For some reason, he is reaching out. Can I trust him? Or has his allegiance shifted towards more lucrative business partners? No matter. Before I go after Lenny, I will reclaim my weapons. I have been adrift for too long.',5),(67,'Shaving Lenny',9,'Lenny Dexter. Outcast. Black sheep. He took the girl to earn his father\'s admiration. Of all my enemies, he is the weakest link. Making him talk will not be a problem. But first I need to deal with his \"Cougars.\" If I grab Lenny, they will surely try to interfere. Besides...they already know too much.',5),(68,'End of the Road',10,'Lenny has disclosed Victoria\'s position. I should deal with him once and for all. Yet there is little honor in preying on the weak. Whatever his fate should be, I need to decide now. The clock is ticking.',5),(69,'Dexter Industries',11,'Dexter Industries. They probably employ half of Hope. This town is bought and paid for, and Blake Dexter was only too happy to write the check. Somewhere inside this factory, Victoria is being kept against her will. I need to move fast.',5),(70,'Death Factory',12,'I am getting closer. This is the black heart of Dexter Industries. Part of me dreads what I might find down here. Human experiments... children as weapons? This is all too close for comfort. All the more reason to pull the plug. I will find Victoria and destroy all data that Dexter\'s researchers might have uncovered. This ends here.',5),(71,'Fight Night',13,'Sanchez. Another victim of Dr. Ashford. Dexter ordered him to remove Victoria from the factory, just as I was getting close. Right now, he is my best chance of finding her. I underestimated the Mexican once. It will not happen again.',5),(72,'Attack of the Saints',14,'The Saints. One of Travis\' pet projects. Elite female assassins specializing in large scale covert operations. Working in pairs, they strike hard and fast, leaving no witnesses and no bodies. Their presence here tells me only one thing: Travis is getting desperate.',5),(73,'Skurky\'s Law',15,'Sheriff Skurky. Blake Dexter probably put him in office in exchange for his loyalty. Dexter Industries. The Cougars. The police. Hope is a town under siege. Someone ought to clean the place up. But I am not that man. The girl is my only responsibility. Skurky holds her somewhere inside the courthouse. Probably the basement prison cells. I need to get inside.',5),(74,'Operation Sledgehammer',16,'Victoria. I came so close. I need to escape, find Skurky and force him to disclose Blake Dexter\'s location. The sheriff just signed his own death warrant.',5),(75,'One of a Kind',17,'Tailor shop in Little Italy, Chicago belonging to \"Tommy the Tailor,\" long time ICA supplier. Tommy is a friend.\n\nI know my destination; Blackwater Park. The end game is approaching. But first, I need to regain my focus. What I need is a new suit and there is only one place to get it. Tom the Tailor.',5),(76,'Blackwater Park',18,'Blackwater Park. A building under siege. Dexter will be expecting my arrival. I took his son. If he is mad enough to take on the Agency, would he also sacrifice Victoria to get back at me? I need to be careful. But one way or the other, this is where it ends.',5),(77,'Countdown',19,'Blake Dexter. He will destroy the building and sacrifice his own men in a heartbeat before giving up Victoria. The only thing keeping him from leaving is Layla. I have to take him down before he realizes she will not be coming back. This man is utterly ruthless. He will stop at nothing to get what he wants. I guess we have that in common.',5),(78,'Absolution',20,'Diana. I have kept my promise. Victoria is safe. Her future is now her own. Only one thing remains. Travis. He is out there. Hiding behind his ICA muscle. His cowardice only matched by his increasing paranoia. This is how it\'s supposed to be. Me. A target. A contract. I already know how this will end.',5),(79,'Guided/Freeform Training',1,'Welcome to advanced training.\n\nYour first mission originally took place in Sydney, Australia. The target was Kalvin Ritter also known as \"The Sparrow,\" master thief for hire, specializing in rare and priceless art.\n\nOur agent cleverly infiltrated Ritter\'s private yacht during a social gathering and discreetly eliminated him without any of the guests noticing. Now you will do the same.\n\nOh, and don\'t worry about the training operatives. All weapons are simulated. Good luck, Initiate.',6),(80,'The Final Test',2,'The final test is based on an authentic 1979 mission; the high point of training director Soders\' career as an active agent.\n\nThe target was Jasper Knight. A famous U.S. chess master exposed as a Soviet spy. Soders caught up with Knight at a military airfield in Cuba and eliminated him against all odds. This is your objective as well.\n\nNow listen carefully; ICA exams aren\'t normally this difficult. Not only was the airfield a virtual fortress, he even added additional guards. Soders wants you to fail. He considers you a threat and this way your unfortunate exit from the program will not raise any eyebrows. He did not, however, factor me into the equation.\n\nIf Soders can bend the rules, then so can I. Good luck, initiate. ',6),(81,'The Showstopper',3,'Good evening, 47. Your destination is the Paris fashion show by Sanguine, one of Europe\'s leading couture brands. Your targets are Sanguine owner Viktor Novikov, a former oligarch turned fashion mogul, and his partner, Dalia Margolis, a retired supermodel. An iconic power couple on the global fashion scene, and two of the most dangerous people in the world.\n\nNovikov and Margolis are in fact the ringleaders of IAGO, an enigmatic spy ring that deals in the global elite\'s most valuable secrets. Unscrupulous and opportunistic, IAGO has caused disastrous security leaks all over the globe.\n\nWhen Crimean separatists caused a deadly meltdown at the Odessa nuclear power plant, IAGO gave them access to the plant\'s security network. And when the Delgado drug cartel shot down the plane of President Hernandez and his family, IAGO provided the classified flight plans.\n\nNow Novikov and Margolis have obtained a NOC list of British undercover agents, which they plan to sell at a secret IAGO auction during the Sanguine show.\n\nSo, our client, MI6, needs us to stop the ringleaders before the NOC list ends up in the wrong hands.\n\nThe Sanguine show will be swarming with security, and Viktor Novikov will be the focus of everyone\'s attention. But despite his posturing, he is merely the moneyman. The real target is Dalia Margolis, beautiful and brilliant. She is a master manipulator and the true brains behind IAGO.\n\nTwo targets. A highly public event. At first glance, an impossible task. Then again, I do know how you love a challenge.\n\nI will leave you to prepare.',6),(82,'World of Tomorrow',4,'Good morning, 47. Your destination is the coastal town of Sapienza, also known as \"the jewel of the Amalfi Coast.\" Your target is a former client of ours, Silvio Caruso, a brilliant but troubled bio-engineer employed by the Ether Biotech Corporation.\n\nRenowned for his early stem-cell research, Caruso is now reportedly working on a far more disturbing project, a DNA-specific virus able to infect anyone, anywhere in the world. Imagine a bullet fired in any direction, passing through countless bodies without inflicting harm, invisible and undetectable, until it strikes its target. A world of armchair assassins killing with impunity. This is what awaits us unless Caruso is stopped.\n\nOur client, one of Ether\'s major private stockholders, wants the project canceled on ethical grounds, but without destroying the company in the process. She has asked us to eliminate Silvio Caruso and destroy the yet unfinished virus prototype.\n\nYou will also need to deal with Caruso\'s lab head, Francesca De Santis, a high-level Ether employee and cutthroat corporate climber who holds intimate knowledge of Caruso\'s research and could potentially carry on in his place.\n\nThis is no ordinary contract, 47. Caruso\'s virus is a serious threat to our craft and trade, not to mention our core ideals, so failure is not an option.\n\nI\'ll leave you to prepare. ',6),(83,'A Gilded Cage',5,'Good afternoon 47. Your destination is Marrakesh, Morocco, where civil riots are looming. Your targets are private banker Claus Strandberg and Army General Reza Zaydan, two of the conspirators in a sinister plot to overthrow Morocco\'s fragile government.\n\nStrandberg, a former bank CEO who stole billions of dollars\' worth of savings from the Moroccan people, was facing trial for investment fraud. But early this morning, a band of heavily armed mercenaries freed Strandberg from his prison transport, resulting in the death of several police officers.\n\nStrandberg now takes refuge at his native Swedish Consulate, in front of which crowds of angry protesters have gathered, demanding his handover to Moroccan authorities. We believe that General Zaydan orchestrated Strandberg\'s escape to infuriate the public and spark nationwide riots allowing Zaydan to impose martial law.\n\nOperating out of a field HQ at a nearby abandoned school, he will no doubt use the riots to depict the Rabat government as weak and inept and persuade the General Staff to support a fully fledged military coup in the name of \"National Security\".\n\nOur client, building contractor Hamilton-Lowe, who stand to lose a fortune in government contracts, has hired us to prevent the Coup d\'etat. To do so, you need to paralyze Zaydan\'s rebel forces and prevent the riots from escalating any further, hence the double contract. This is quite the political powder keg, 47, so be careful. The fate of a nation is at stake. I will leave you to prepare.',6),(84,'Club 27',8,'Good morning, 47. Your destination is the Himmapan luxury hotel resort on the Chao Phraya river, just outside Bangkok.\n\nYour main target is Jordan Cross, the lead singer of The Class; a renowned indie rock outfit recording their highly acticipated sophomore album. But this millennial poster boy harbors a dark secret.\n\nOne year ago, promising young actress, Hannah Highmoore fell to her death from Cross\' penthouse loft in Dumbo, New York. According to the police, Ms. Highmoore\'s death was a tragic accident but her parents remain unconvinced. They firmly believe that Cross murdered Hannah and only escaped justice due to the power and influence of his father: billionaire media mogul Thomas Cross.\n\nA secondary target, Ken Morgan, corporate fixer and attorney to the Cross family, is also staying at the hotel. Cunning and unscrupulous, Morgan was a key agent in the cover-up of Hannah Highmoore\'s murder and Jordan Cross subsequent acquittal.\n\nThe Highmoores understandably want retribution and while the system may be powerless. ICA is anything but. I will leave you to prepare.',6),(85,'Freedom Fighters',9,'Good morning, 47. We have a lead on the shadow client. ICA white hats have traced the anonymous data received by our client to one Olivia Hall. Brilliant young hactivist and suspect in a dozen cases of cyber vandalism. Using onion routing with state-of-the-art encryption, Hall went through a lot of trouble to stay untraceable. She is good, but we are better.\n\nHer digital trail has led us to a remote farm in Colorado, where satellite footage has revealed what appears to be the training camp for a private militia. Led by an already registered target, Sean Rose, Australian environmental terrorist and explosives expert, wanted for a series of public bombings. Rose was spotted near the scene of Thomas Cross\' kidnapping, which makes him our prime suspect for the shadow client.\n\nSpurred by Erich Soders, the ICA board of directors has asked us to infiltrate the farm and eleminate Sean Rose along with three other prominent militia members.\n\n- Ezra Berg, retired Mossad interrogator.\n\n- Penelope Graves, former Interpol anti-terror analyst.\n\n- And finally, Maya Parvati, former assassin and gunrunner for the Tamil Tigers.\n\nI\'ll be honest with you, 47. I consider Erich Soders\' reasoning hasty and ill-advised. Now, we cannot go against the wish of the board. But we can conduct our own investigation. Whether a direct threat to the ICA or not, we need to know the shadow client\'s true agenda. I will leave you to prepare.',6),(86,'Situs Inversus',10,'Good morning 47.\n\nThe Board has sanctioned Erich Soders for termination.\n\nAfter Colorado, we did some digging into Soders\' private affairs and discovered that he has been fast-tracked for critical heart surgery at the hyper-exclusive Gama private hospital in Hokkaido, Japan. Such a display of influence has Providence written all over it.\n\nSoders, who suffers from a rare condition known as Situs Inversus, where his internal organs are reversed, desperately needs a right-sided heart transplant and has clearly betrayed the ICA to get it. He was admitted last night and is currently being prepped for a three-day surgery.\n\nWe have booked you into Gama under the usual guise of Tobias Rieper, corporate shark, here for a standard medical checkup. As such, you will need to play it by ear and procure whatever tools you need to complete the mission.\n\nYou will also need to eliminate Yuki Yamazaki; a Tokyo lawyer who works for Providence. Soders has already given Yamazaki access to our clients records and has agreed to provide a full list of active ICA operatives, post operation. This transaction cannot be allowed to happen.\n\nSoders must pay for his treachery and his insidious employers must be taught a lesson. ICA\'s sovereignty is at stake. Powerful as Providence may be, we need to draw a line in the sand.\n\nI will leave you to prepare. ',6),(87,'The Icon',6,'Your destination is the Italian coastal town of Sapienza, where our client, L\'Avventura Pictures, is shooting a superhero epic based upon the cult graphic novel The Icon.\n\nYour target is Dino Bosco, the film\'s director and leading man. A washed-up character actor, Bosco sees The Icon as his big comeback. Unfortunately, his rampart perfectionism and complete disregard for the budget has left L\'Avventura on the verge of bankruptcy. Still, he doggedly refuses to wrap the production.\n\nL\'Avventura cannot fire Bosco without violating their contract. That is why they have asked us to retire him before the whole studio goes belly-up. I will leave you to prepare.',6),(88,'A House Built on Sand',7,'Good afternoon 47. Your destination is Marrakesh, Morocco. Your targets: Kong Tuo-Kwang, head of a Chinese construction conglomerate and Matthieu Mendola, chief architect at Tuo-Kwang\'s biggest rival, Hamilton-Lowe.\n\nMendola plans to double-cross his employer and leak non-disclosable company documents to Tuo-Kwang, including the confidential offer for a multi-billion dollar real estate project. In response, Hamilton-Lowe has requested that we eliminate both men and send their competition a clear message.\n\nKong has rented a rooftop patio for the meeting, but the location is as of yet unclear. So, track them and eliminate them, and reclaim the documents. Good luck, 47.',6),(89,'Landslide',12,'Good evening, 47. Your destination in Sapienza, Italy. Your target is Marco Abiatti, a wealthy businessman returning to his hometown to run for mayor. A snake-tongued right-wing populist with mafia ties and money to burn, Abiatti is already comfortably ahead in the polls.\n\nHowever, beneath his silk suits, Abiatti is a callous thug and organized crime is certain to follow in his wake.\n\nOur client, the renowned bioengineer Silvio Caruso, sees Abiatti as a threat, not just do his ancestral town, but the entire country, and he has asked us to dispose of this would-be patrician.\n\nI will leave you to prepare.',6),(90,'The Source',1,NULL,7),(91,'The Author',2,'',7),(92,'The Vector',3,NULL,7),(93,'Patient Zero',4,NULL,7),(94,'Nightcall',1,NULL,8),(95,'The Finish Line',2,'https://www.youtube.com/embed/cQFVxQiHPQc',8),(96,'Three-Headed Serpent',3,NULL,8),(97,'Chasing a Ghost',4,NULL,8),(98,'Another Life',5,NULL,8),(99,'The Ark Society',6,NULL,8);
/*!40000 ALTER TABLE `Missions` ENABLE KEYS */;
UNLOCK TABLES;

--
-- Table structure for table `MissionVideoLikes`
--

DROP TABLE IF EXISTS `MissionVideoLikes`;
/*!40101 SET @saved_cs_client     = @@character_set_client */;
 SET character_set_client = utf8mb4 ;
CREATE TABLE `MissionVideoLikes` (
  `UserId` int(11) NOT NULL,
  `MissionVideoId` int(11) NOT NULL,
  PRIMARY KEY (`UserId`,`MissionVideoId`),
  KEY `fk_Users_has_MissionVideos_MissionVideos1_idx` (`MissionVideoId`),
  KEY `fk_Users_has_MissionVideos_Users1_idx` (`UserId`),
  CONSTRAINT `fk_Users_has_MissionVideos_MissionVideos1` FOREIGN KEY (`MissionVideoId`) REFERENCES `MissionVideos` (`MissionVideoId`),
  CONSTRAINT `fk_Users_has_MissionVideos_Users1` FOREIGN KEY (`UserId`) REFERENCES `Users` (`UserId`)
) ENGINE=InnoDB DEFAULT CHARSET=utf8;
/*!40101 SET character_set_client = @saved_cs_client */;

--
-- Dumping data for table `MissionVideoLikes`
--

LOCK TABLES `MissionVideoLikes` WRITE;
/*!40000 ALTER TABLE `MissionVideoLikes` DISABLE KEYS */;
/*!40000 ALTER TABLE `MissionVideoLikes` ENABLE KEYS */;
UNLOCK TABLES;

--
-- Table structure for table `MissionVideos`
--

DROP TABLE IF EXISTS `MissionVideos`;
/*!40101 SET @saved_cs_client     = @@character_set_client */;
 SET character_set_client = utf8mb4 ;
CREATE TABLE `MissionVideos` (
  `MissionVideoId` int(11) NOT NULL AUTO_INCREMENT,
  `UserId` int(11) NOT NULL,
  `MissionId` int(11) NOT NULL,
  `MissionVideoLink` varchar(255) DEFAULT NULL,
  `MissionVideoTime` time DEFAULT NULL,
  PRIMARY KEY (`MissionVideoId`),
  UNIQUE KEY `MissionVideoId_UNIQUE` (`MissionVideoId`),
  KEY `fk_Users_has_Missions_Missions2_idx` (`MissionId`),
  KEY `fk_Users_has_Missions_Users2_idx` (`UserId`),
  CONSTRAINT `fk_Users_has_Missions_Missions2` FOREIGN KEY (`MissionId`) REFERENCES `Missions` (`MissionId`),
  CONSTRAINT `fk_Users_has_Missions_Users2` FOREIGN KEY (`UserId`) REFERENCES `Users` (`UserId`)
) ENGINE=InnoDB DEFAULT CHARSET=utf8;
/*!40101 SET character_set_client = @saved_cs_client */;

--
-- Dumping data for table `MissionVideos`
--

LOCK TABLES `MissionVideos` WRITE;
/*!40000 ALTER TABLE `MissionVideos` DISABLE KEYS */;
/*!40000 ALTER TABLE `MissionVideos` ENABLE KEYS */;
UNLOCK TABLES;

--
-- Table structure for table `MissionVideoTags`
--

DROP TABLE IF EXISTS `MissionVideoTags`;
/*!40101 SET @saved_cs_client     = @@character_set_client */;
 SET character_set_client = utf8mb4 ;
CREATE TABLE `MissionVideoTags` (
  `MissionVideoId` int(11) NOT NULL,
  `TagId` int(11) NOT NULL,
  PRIMARY KEY (`MissionVideoId`,`TagId`),
  KEY `fk_MissionVideos_has_VideoTags_VideoTags1_idx` (`TagId`),
  KEY `fk_MissionVideos_has_VideoTags_MissionVideos1_idx` (`MissionVideoId`),
  CONSTRAINT `fk_MissionVideos_has_VideoTags_MissionVideos1` FOREIGN KEY (`MissionVideoId`) REFERENCES `MissionVideos` (`MissionVideoId`),
  CONSTRAINT `fk_MissionVideos_has_VideoTags_VideoTags1` FOREIGN KEY (`TagId`) REFERENCES `VideoTags` (`TagId`)
) ENGINE=InnoDB DEFAULT CHARSET=utf8;
/*!40101 SET character_set_client = @saved_cs_client */;

--
-- Dumping data for table `MissionVideoTags`
--

LOCK TABLES `MissionVideoTags` WRITE;
/*!40000 ALTER TABLE `MissionVideoTags` DISABLE KEYS */;
/*!40000 ALTER TABLE `MissionVideoTags` ENABLE KEYS */;
UNLOCK TABLES;

--
-- Table structure for table `OtherContent`
--

DROP TABLE IF EXISTS `OtherContent`;
/*!40101 SET @saved_cs_client     = @@character_set_client */;
 SET character_set_client = utf8mb4 ;
CREATE TABLE `OtherContent` (
  `OtherContentId` int(11) NOT NULL AUTO_INCREMENT,
  `OtherContentTitle` varchar(45) NOT NULL,
  `OtherContentAbout` text,
  `OtherContentDate` datetime DEFAULT NULL,
  `OtherContentDetails` text,
  PRIMARY KEY (`OtherContentId`),
  UNIQUE KEY `idOtherContent_UNIQUE` (`OtherContentId`)
) ENGINE=InnoDB AUTO_INCREMENT=7 DEFAULT CHARSET=utf8;
/*!40101 SET character_set_client = @saved_cs_client */;

--
-- Dumping data for table `OtherContent`
--

LOCK TABLES `OtherContent` WRITE;
/*!40000 ALTER TABLE `OtherContent` DISABLE KEYS */;
INSERT INTO `OtherContent` VALUES (1,'Hitman: Sniper Challenge','','2012-08-01 00:00:00',''),(2,'Hitman GO','','2014-04-17 00:00:00',''),(3,'Hitman: Sniper','','2014-10-03 00:00:00',''),(4,'Holiday Hoarders','','2016-12-13 00:00:00',''),(5,'Hokkaido Snow Festival','','2019-01-22 00:00:00',''),(6,'The Last Yardbird','','2018-06-07 00:00:00','');
/*!40000 ALTER TABLE `OtherContent` ENABLE KEYS */;
UNLOCK TABLES;

--
-- Table structure for table `OtherContentCommentLikes`
--

DROP TABLE IF EXISTS `OtherContentCommentLikes`;
/*!40101 SET @saved_cs_client     = @@character_set_client */;
 SET character_set_client = utf8mb4 ;
CREATE TABLE `OtherContentCommentLikes` (
  `OtherContentCommentId` int(11) NOT NULL,
  `UserId` int(11) NOT NULL,
  PRIMARY KEY (`OtherContentCommentId`,`UserId`),
  KEY `fk_OtherContentComments_has_Users_Users1_idx` (`UserId`),
  KEY `fk_OtherContentComments_has_Users_OtherContentComments1_idx` (`OtherContentCommentId`),
  CONSTRAINT `fk_OtherContentComments_has_Users_OtherContentComments1` FOREIGN KEY (`OtherContentCommentId`) REFERENCES `OtherContentComments` (`OtherContentCommentId`),
  CONSTRAINT `fk_OtherContentComments_has_Users_Users1` FOREIGN KEY (`UserId`) REFERENCES `Users` (`UserId`)
) ENGINE=InnoDB DEFAULT CHARSET=utf8;
/*!40101 SET character_set_client = @saved_cs_client */;

--
-- Dumping data for table `OtherContentCommentLikes`
--

LOCK TABLES `OtherContentCommentLikes` WRITE;
/*!40000 ALTER TABLE `OtherContentCommentLikes` DISABLE KEYS */;
INSERT INTO `OtherContentCommentLikes` VALUES (3,8),(1,48),(1,62),(1,96),(2,110);
/*!40000 ALTER TABLE `OtherContentCommentLikes` ENABLE KEYS */;
UNLOCK TABLES;

--
-- Table structure for table `OtherContentComments`
--

DROP TABLE IF EXISTS `OtherContentComments`;
/*!40101 SET @saved_cs_client     = @@character_set_client */;
 SET character_set_client = utf8mb4 ;
CREATE TABLE `OtherContentComments` (
  `OtherContentCommentId` int(11) NOT NULL AUTO_INCREMENT,
  `UserId` int(11) NOT NULL,
  `OtherContentId` int(11) NOT NULL,
  `OtherContentCommentText` text,
  PRIMARY KEY (`OtherContentCommentId`),
  UNIQUE KEY `OtherContentCommentId_UNIQUE` (`OtherContentCommentId`),
  KEY `fk_Users_has_OtherContent_OtherContent2_idx` (`OtherContentId`),
  KEY `fk_Users_has_OtherContent_Users2_idx` (`UserId`),
  CONSTRAINT `fk_Users_has_OtherContent_OtherContent2` FOREIGN KEY (`OtherContentId`) REFERENCES `OtherContent` (`OtherContentId`),
  CONSTRAINT `fk_Users_has_OtherContent_Users2` FOREIGN KEY (`UserId`) REFERENCES `Users` (`UserId`)
) ENGINE=InnoDB AUTO_INCREMENT=4 DEFAULT CHARSET=utf8;
/*!40101 SET character_set_client = @saved_cs_client */;

--
-- Dumping data for table `OtherContentComments`
--

LOCK TABLES `OtherContentComments` WRITE;
/*!40000 ALTER TABLE `OtherContentComments` DISABLE KEYS */;
INSERT INTO `OtherContentComments` VALUES (1,23,1,'why is this a thing'),(2,49,2,'i guess this is a thing too'),(3,76,6,'sniuper');
/*!40000 ALTER TABLE `OtherContentComments` ENABLE KEYS */;
UNLOCK TABLES;

--
-- Table structure for table `OtherContentRatings`
--

DROP TABLE IF EXISTS `OtherContentRatings`;
/*!40101 SET @saved_cs_client     = @@character_set_client */;
 SET character_set_client = utf8mb4 ;
CREATE TABLE `OtherContentRatings` (
  `UserId` int(11) NOT NULL,
  `OtherContentId` int(11) NOT NULL,
  `RatingScore` int(11) DEFAULT NULL,
  PRIMARY KEY (`UserId`,`OtherContentId`),
  KEY `fk_Users_has_OtherContent_OtherContent1_idx` (`OtherContentId`),
  KEY `fk_Users_has_OtherContent_Users1_idx` (`UserId`),
  CONSTRAINT `fk_Users_has_OtherContent_OtherContent1` FOREIGN KEY (`OtherContentId`) REFERENCES `OtherContent` (`OtherContentId`),
  CONSTRAINT `fk_Users_has_OtherContent_Users1` FOREIGN KEY (`UserId`) REFERENCES `Users` (`UserId`)
) ENGINE=InnoDB DEFAULT CHARSET=utf8;
/*!40101 SET character_set_client = @saved_cs_client */;

--
-- Dumping data for table `OtherContentRatings`
--

LOCK TABLES `OtherContentRatings` WRITE;
/*!40000 ALTER TABLE `OtherContentRatings` DISABLE KEYS */;
INSERT INTO `OtherContentRatings` VALUES (8,3,5),(48,1,1),(62,1,2),(96,1,2),(110,2,4);
/*!40000 ALTER TABLE `OtherContentRatings` ENABLE KEYS */;
UNLOCK TABLES;

--
-- Table structure for table `OtherContentVideoLikes`
--

DROP TABLE IF EXISTS `OtherContentVideoLikes`;
/*!40101 SET @saved_cs_client     = @@character_set_client */;
 SET character_set_client = utf8mb4 ;
CREATE TABLE `OtherContentVideoLikes` (
  `UserId` int(11) NOT NULL,
  `OtherContentVideoId` int(11) NOT NULL,
  PRIMARY KEY (`UserId`,`OtherContentVideoId`),
  KEY `fk_Users_has_OtherContentVideos_OtherContentVideos1_idx` (`OtherContentVideoId`),
  KEY `fk_Users_has_OtherContentVideos_Users1_idx` (`UserId`),
  CONSTRAINT `fk_Users_has_OtherContentVideos_OtherContentVideos1` FOREIGN KEY (`OtherContentVideoId`) REFERENCES `OtherContentVideos` (`OtherContentVideoId`),
  CONSTRAINT `fk_Users_has_OtherContentVideos_Users1` FOREIGN KEY (`UserId`) REFERENCES `Users` (`UserId`)
) ENGINE=InnoDB DEFAULT CHARSET=utf8;
/*!40101 SET character_set_client = @saved_cs_client */;

--
-- Dumping data for table `OtherContentVideoLikes`
--

LOCK TABLES `OtherContentVideoLikes` WRITE;
/*!40000 ALTER TABLE `OtherContentVideoLikes` DISABLE KEYS */;
/*!40000 ALTER TABLE `OtherContentVideoLikes` ENABLE KEYS */;
UNLOCK TABLES;

--
-- Table structure for table `OtherContentVideos`
--

DROP TABLE IF EXISTS `OtherContentVideos`;
/*!40101 SET @saved_cs_client     = @@character_set_client */;
 SET character_set_client = utf8mb4 ;
CREATE TABLE `OtherContentVideos` (
  `OtherContentVideoId` int(11) NOT NULL AUTO_INCREMENT,
  `UserId` int(11) NOT NULL,
  `OtherContentId` int(11) NOT NULL,
  `OtherContentVideoLink` varchar(255) DEFAULT NULL,
  `OtherContentVideTime` time DEFAULT NULL,
  PRIMARY KEY (`OtherContentVideoId`),
  UNIQUE KEY `OtherContentVideoId_UNIQUE` (`OtherContentVideoId`),
  KEY `fk_Users_has_OtherContent_OtherContent3_idx` (`OtherContentId`),
  KEY `fk_Users_has_OtherContent_Users3_idx` (`UserId`),
  CONSTRAINT `fk_Users_has_OtherContent_OtherContent3` FOREIGN KEY (`OtherContentId`) REFERENCES `OtherContent` (`OtherContentId`),
  CONSTRAINT `fk_Users_has_OtherContent_Users3` FOREIGN KEY (`UserId`) REFERENCES `Users` (`UserId`)
) ENGINE=InnoDB DEFAULT CHARSET=utf8;
/*!40101 SET character_set_client = @saved_cs_client */;

--
-- Dumping data for table `OtherContentVideos`
--

LOCK TABLES `OtherContentVideos` WRITE;
/*!40000 ALTER TABLE `OtherContentVideos` DISABLE KEYS */;
/*!40000 ALTER TABLE `OtherContentVideos` ENABLE KEYS */;
UNLOCK TABLES;

--
-- Table structure for table `OtherContentVideoTags`
--

DROP TABLE IF EXISTS `OtherContentVideoTags`;
/*!40101 SET @saved_cs_client     = @@character_set_client */;
 SET character_set_client = utf8mb4 ;
CREATE TABLE `OtherContentVideoTags` (
  `OtherContentVideoId` int(11) NOT NULL,
  `TagId` int(11) NOT NULL,
  PRIMARY KEY (`OtherContentVideoId`,`TagId`),
  KEY `fk_VideoTags_has_OtherContentVideos_OtherContentVideos1_idx` (`OtherContentVideoId`),
  KEY `fk_VideoTags_has_OtherContentVideos_VideoTags1_idx` (`TagId`),
  CONSTRAINT `fk_VideoTags_has_OtherContentVideos_OtherContentVideos1` FOREIGN KEY (`OtherContentVideoId`) REFERENCES `OtherContentVideos` (`OtherContentVideoId`),
  CONSTRAINT `fk_VideoTags_has_OtherContentVideos_VideoTags1` FOREIGN KEY (`TagId`) REFERENCES `VideoTags` (`TagId`)
) ENGINE=InnoDB DEFAULT CHARSET=utf8;
/*!40101 SET character_set_client = @saved_cs_client */;

--
-- Dumping data for table `OtherContentVideoTags`
--

LOCK TABLES `OtherContentVideoTags` WRITE;
/*!40000 ALTER TABLE `OtherContentVideoTags` DISABLE KEYS */;
/*!40000 ALTER TABLE `OtherContentVideoTags` ENABLE KEYS */;
UNLOCK TABLES;

--
-- Table structure for table `ResourceLikes`
--

DROP TABLE IF EXISTS `ResourceLikes`;
/*!40101 SET @saved_cs_client     = @@character_set_client */;
 SET character_set_client = utf8mb4 ;
CREATE TABLE `ResourceLikes` (
  `UserId` int(11) NOT NULL,
  `ResourceId` int(11) NOT NULL,
  PRIMARY KEY (`UserId`,`ResourceId`),
  KEY `fk_Users_has_Resources_Resources1_idx` (`ResourceId`),
  KEY `fk_Users_has_Resources_Users1_idx` (`UserId`),
  CONSTRAINT `fk_Users_has_Resources_Resources1` FOREIGN KEY (`ResourceId`) REFERENCES `Resources` (`ResourceId`),
  CONSTRAINT `fk_Users_has_Resources_Users1` FOREIGN KEY (`UserId`) REFERENCES `Users` (`UserId`)
) ENGINE=InnoDB DEFAULT CHARSET=utf8;
/*!40101 SET character_set_client = @saved_cs_client */;

--
-- Dumping data for table `ResourceLikes`
--

LOCK TABLES `ResourceLikes` WRITE;
/*!40000 ALTER TABLE `ResourceLikes` DISABLE KEYS */;
INSERT INTO `ResourceLikes` VALUES (48,1),(62,1),(8,2),(96,2),(110,2);
/*!40000 ALTER TABLE `ResourceLikes` ENABLE KEYS */;
UNLOCK TABLES;

--
-- Table structure for table `Resources`
--

DROP TABLE IF EXISTS `Resources`;
/*!40101 SET @saved_cs_client     = @@character_set_client */;
 SET character_set_client = utf8mb4 ;
CREATE TABLE `Resources` (
  `ResourceId` int(11) NOT NULL AUTO_INCREMENT,
  `ResourceTitle` varchar(45) NOT NULL,
  `UserId` int(11) NOT NULL,
  `ResourceAbout` text,
  `ResourceLink` varchar(255) DEFAULT NULL,
  PRIMARY KEY (`ResourceId`),
  UNIQUE KEY `ResourceId_UNIQUE` (`ResourceId`),
  KEY `fk_Resources_Users1_idx` (`UserId`),
  CONSTRAINT `fk_Resources_Users1` FOREIGN KEY (`UserId`) REFERENCES `Users` (`UserId`)
) ENGINE=InnoDB AUTO_INCREMENT=3 DEFAULT CHARSET=utf8;
/*!40101 SET character_set_client = @saved_cs_client */;

--
-- Dumping data for table `Resources`
--

LOCK TABLES `Resources` WRITE;
/*!40000 ALTER TABLE `Resources` DISABLE KEYS */;
INSERT INTO `Resources` VALUES (1,'roulette',21,'randomizes challenges','roulette-link-goes-here'),(2,'maps',65,'maps for hitman levels','maps-link-goes-here');
/*!40000 ALTER TABLE `Resources` ENABLE KEYS */;
UNLOCK TABLES;

--
-- Table structure for table `ResourcesCommentLikes`
--

DROP TABLE IF EXISTS `ResourcesCommentLikes`;
/*!40101 SET @saved_cs_client     = @@character_set_client */;
 SET character_set_client = utf8mb4 ;
CREATE TABLE `ResourcesCommentLikes` (
  `ResourcesCommentId` int(11) NOT NULL,
  `UserId` int(11) NOT NULL,
  PRIMARY KEY (`ResourcesCommentId`,`UserId`),
  KEY `fk_ResourcesComments_has_Users_Users1_idx` (`UserId`),
  KEY `fk_ResourcesComments_has_Users_ResourcesComments1_idx` (`ResourcesCommentId`),
  CONSTRAINT `fk_ResourcesComments_has_Users_ResourcesComments1` FOREIGN KEY (`ResourcesCommentId`) REFERENCES `ResourcesComments` (`ResourcesCommentId`),
  CONSTRAINT `fk_ResourcesComments_has_Users_Users1` FOREIGN KEY (`UserId`) REFERENCES `Users` (`UserId`)
) ENGINE=InnoDB DEFAULT CHARSET=utf8;
/*!40101 SET character_set_client = @saved_cs_client */;

--
-- Dumping data for table `ResourcesCommentLikes`
--

LOCK TABLES `ResourcesCommentLikes` WRITE;
/*!40000 ALTER TABLE `ResourcesCommentLikes` DISABLE KEYS */;
INSERT INTO `ResourcesCommentLikes` VALUES (20,8),(21,48),(19,62),(20,96),(20,110);
/*!40000 ALTER TABLE `ResourcesCommentLikes` ENABLE KEYS */;
UNLOCK TABLES;

--
-- Table structure for table `ResourcesComments`
--

DROP TABLE IF EXISTS `ResourcesComments`;
/*!40101 SET @saved_cs_client     = @@character_set_client */;
 SET character_set_client = utf8mb4 ;
CREATE TABLE `ResourcesComments` (
  `ResourcesCommentId` int(11) NOT NULL AUTO_INCREMENT,
  `ResourceId` int(11) NOT NULL,
  `UserId` int(11) NOT NULL,
  `ResourcesCommentText` text,
  PRIMARY KEY (`ResourcesCommentId`),
  UNIQUE KEY `ResourcesCommentId_UNIQUE` (`ResourcesCommentId`),
  KEY `fk_Resources_has_Users_Users1_idx` (`UserId`),
  KEY `fk_Resources_has_Users_Resources1_idx` (`ResourceId`),
  CONSTRAINT `fk_Resources_has_Users_Resources1` FOREIGN KEY (`ResourceId`) REFERENCES `Resources` (`ResourceId`),
  CONSTRAINT `fk_Resources_has_Users_Users1` FOREIGN KEY (`UserId`) REFERENCES `Users` (`UserId`)
) ENGINE=InnoDB AUTO_INCREMENT=22 DEFAULT CHARSET=utf8;
/*!40101 SET character_set_client = @saved_cs_client */;

--
-- Dumping data for table `ResourcesComments`
--

LOCK TABLES `ResourcesComments` WRITE;
/*!40000 ALTER TABLE `ResourcesComments` DISABLE KEYS */;
INSERT INTO `ResourcesComments` VALUES (19,1,23,'a comment'),(20,2,49,'i like this'),(21,2,76,'cool maps');
/*!40000 ALTER TABLE `ResourcesComments` ENABLE KEYS */;
UNLOCK TABLES;

--
-- Table structure for table `UserGroups`
--

DROP TABLE IF EXISTS `UserGroups`;
/*!40101 SET @saved_cs_client     = @@character_set_client */;
 SET character_set_client = utf8mb4 ;
CREATE TABLE `UserGroups` (
  `UserGroupId` int(11) NOT NULL AUTO_INCREMENT,
  `UserGroupName` varchar(45) NOT NULL,
  PRIMARY KEY (`UserGroupId`)
) ENGINE=InnoDB AUTO_INCREMENT=3 DEFAULT CHARSET=utf8;
/*!40101 SET character_set_client = @saved_cs_client */;

--
-- Dumping data for table `UserGroups`
--

LOCK TABLES `UserGroups` WRITE;
/*!40000 ALTER TABLE `UserGroups` DISABLE KEYS */;
INSERT INTO `UserGroups` VALUES (0,'Inactive'),(1,'User'),(2,'Admin');
/*!40000 ALTER TABLE `UserGroups` ENABLE KEYS */;
UNLOCK TABLES;

--
-- Table structure for table `Users`
--

DROP TABLE IF EXISTS `Users`;
/*!40101 SET @saved_cs_client     = @@character_set_client */;
 SET character_set_client = utf8mb4 ;
CREATE TABLE `Users` (
  `UserId` int(11) NOT NULL AUTO_INCREMENT,
  `UserName` varchar(45) NOT NULL,
  `UserPassword` text NOT NULL,
  `UserJoinDate` datetime DEFAULT NULL,
  `UserEmail` varchar(255) NOT NULL,
  `UserPWReset` text,
  `UserPlatform` varchar(3) DEFAULT NULL,
  `UserGroupId` int(11) NOT NULL,
  PRIMARY KEY (`UserId`),
  UNIQUE KEY `UserName_UNIQUE` (`UserName`),
  KEY `fk_Users_UserGroups_idx` (`UserGroupId`),
  CONSTRAINT `fk_Users_UserGroups` FOREIGN KEY (`UserGroupId`) REFERENCES `UserGroups` (`UserGroupId`)
) ENGINE=InnoDB AUTO_INCREMENT=273 DEFAULT CHARSET=utf8;
/*!40101 SET character_set_client = @saved_cs_client */;

--
-- Dumping data for table `Users`
--

LOCK TABLES `Users` WRITE;
/*!40000 ALTER TABLE `Users` DISABLE KEYS */;
INSERT INTO `Users` VALUES (1,'user1','a1',NULL,'em1@asd.com',NULL,NULL,1),(4,'user4','a4','2017-03-14 13:32:48','em4@asd.com',NULL,NULL,1),(5,'user5','a5','2017-03-14 13:58:28','em5@asd.com',NULL,NULL,1),(6,'user6','a6','2017-03-14 13:59:35','em6@asd.com',NULL,NULL,1),(7,'user7','a7','2017-03-14 14:00:16','em7@asd.com',NULL,NULL,1),(8,'user8','a8','2017-03-14 14:01:19','em8@asd.com',NULL,NULL,1),(9,'user9','a9','2017-03-14 14:07:19','em9@asd.com',NULL,NULL,1),(10,'user10','a10','2017-03-14 14:23:19','em10@asd.com',NULL,NULL,1),(11,'user11','a11','2017-03-15 15:39:04','em11@asd.com',NULL,NULL,1),(13,'user13','a13','2017-03-17 17:30:27','em13@asd.com',NULL,NULL,1),(14,'user14','a14','2017-03-17 17:41:57','em14@asd.com',NULL,NULL,1),(15,'user15','a15','2017-03-17 18:01:47','em15@asd.com',NULL,NULL,1),(16,'user16','a16','2017-03-17 18:13:04','em16@asd.com',NULL,NULL,1),(17,'user17','a17','2017-03-17 18:16:20','em17@asd.com',NULL,NULL,1),(18,'user18','a18','2017-03-17 18:23:14','em18@asd.com',NULL,NULL,1),(19,'user19','a19','2017-03-17 19:07:22','em19@asd.com',NULL,NULL,1),(20,'user20','a20','2017-03-17 19:57:10','em20@asd.com',NULL,NULL,1),(21,'user21','a21','2017-03-17 21:17:00','em21@asd.com',NULL,NULL,1),(22,'user22','a22','2017-03-18 13:41:27','em22@asd.com',NULL,NULL,1),(23,'user23','a23','2017-03-18 13:50:04','em23@asd.com',NULL,NULL,1),(24,'user24','a24','2017-03-18 14:15:31','em24@asd.com',NULL,NULL,1),(25,'user25','a25','2017-03-18 14:34:13','em25@asd.com',NULL,NULL,1),(26,'user26','a26','2017-03-18 15:08:40','em26@asd.com',NULL,NULL,1),(27,'user27','a27','2017-03-18 15:59:06','em27@asd.com',NULL,NULL,1),(28,'user28','a28','2017-03-18 16:29:08','em28@asd.com',NULL,NULL,1),(29,'user29','a29','2017-03-18 16:29:13','em29@asd.com',NULL,NULL,1),(30,'user30','a30','2017-03-18 18:08:10','em30@asd.com',NULL,NULL,1),(31,'user31','a31','2017-03-18 18:10:21','em31@asd.com',NULL,NULL,1),(32,'user32','a32','2017-03-18 18:11:57','em32@asd.com',NULL,NULL,1),(33,'user33','a33','2017-03-18 19:08:24','em33@asd.com',NULL,NULL,1),(34,'user34','a34','2017-03-18 19:31:22','em34@asd.com',NULL,NULL,1),(35,'user35','a35','2017-03-18 21:24:57','em35@asd.com',NULL,NULL,1),(36,'user36','a36','2017-03-18 23:55:29','em36@asd.com',NULL,NULL,1),(37,'user37','a37','2017-03-19 02:35:13','em37@asd.com',NULL,NULL,1),(38,'user38','a38','2017-03-19 03:59:30','em38@asd.com',NULL,NULL,1),(39,'user39','a39','2017-03-19 07:56:14','em39@asd.com',NULL,NULL,1),(40,'user40','a40','2017-03-19 07:59:38','em40@asd.com',NULL,NULL,1),(41,'user41','a41','2017-03-19 08:00:48','em41@asd.com',NULL,NULL,1),(42,'user42','a42','2017-03-19 08:42:32','em42@asd.com',NULL,NULL,1),(43,'user43','a43','2017-03-19 08:46:25','em43@asd.com',NULL,NULL,1),(44,'user44','a44','2017-03-19 08:57:46','em44@asd.com',NULL,NULL,1),(45,'user45','a45','2017-03-19 09:43:02','em45@asd.com',NULL,NULL,1),(46,'user46','a46','2017-03-19 09:56:27','em46@asd.com',NULL,NULL,1),(47,'user47','a47','2017-03-19 09:59:04','em47@asd.com',NULL,NULL,1),(48,'user48','a48','2017-03-19 10:04:49','em48@asd.com',NULL,NULL,1),(49,'user49','a49','2017-03-19 10:09:02','em49@asd.com',NULL,NULL,1),(50,'user50','a50','2017-03-19 11:40:02','em50@asd.com',NULL,NULL,1),(51,'user51','a51','2017-03-19 11:52:32','em51@asd.com',NULL,NULL,1),(52,'user52','a52','2017-03-19 12:06:35','em52@asd.com',NULL,NULL,1),(53,'user53','a53','2017-03-19 12:10:15','em53@asd.com',NULL,NULL,1),(54,'user54','a54','2017-03-19 12:18:20','em54@asd.com',NULL,NULL,1),(55,'user55','a55','2017-03-19 12:30:01','em55@asd.com',NULL,NULL,1),(56,'user56','a56','2017-03-19 12:58:53','em56@asd.com',NULL,NULL,1),(57,'user57','a57','2017-03-19 13:15:05','em57@asd.com',NULL,NULL,1),(58,'user58','a58','2017-03-19 14:08:45','em58@asd.com',NULL,NULL,1),(59,'user59','a59','2017-03-19 14:29:06','em59@asd.com',NULL,NULL,1),(60,'user60','a60','2017-03-19 14:52:30','em60@asd.com',NULL,NULL,1),(61,'user61','a61','2017-03-19 15:11:33','em61@asd.com',NULL,NULL,1),(62,'user62','a62','2017-03-19 16:02:48','em62@asd.com',NULL,NULL,1),(63,'user63','a63','2017-03-19 23:15:32','em63@asd.com',NULL,NULL,1),(64,'user64','a64','2017-03-20 01:16:39','em64@asd.com',NULL,NULL,1),(65,'user65','a65','2017-03-20 02:32:32','em65@asd.com',NULL,NULL,1),(66,'user66','a66','2017-03-20 05:20:21','em66@asd.com',NULL,NULL,1),(67,'user67','a67','2017-03-20 07:09:32','em67@asd.com',NULL,NULL,1),(68,'user68','a68','2017-03-20 09:04:40','em68@asd.com',NULL,NULL,1),(69,'user69','a69','2017-03-20 09:16:51','em69@asd.com',NULL,NULL,1),(70,'user70','a70','2017-03-20 11:54:21','em70@asd.com',NULL,NULL,1),(71,'user71','a71','2017-03-20 13:26:50','em71@asd.com',NULL,NULL,1),(72,'user72','a72','2017-03-20 13:45:15','em72@asd.com',NULL,NULL,1),(73,'user73','a73','2017-03-20 17:30:05','em73@asd.com',NULL,NULL,1),(74,'user74','a74','2017-03-20 18:36:06','em74@asd.com',NULL,NULL,1),(75,'user75','a75','2017-03-20 18:41:04','em75@asd.com',NULL,NULL,1),(76,'user76','a76','2017-03-20 20:15:52','em76@asd.com',NULL,NULL,1),(77,'user77','a77','2017-03-20 21:15:33','em77@asd.com',NULL,NULL,1),(80,'user80','a80','2017-03-21 05:09:06','em80@asd.com',NULL,NULL,1),(81,'user81','a81','2017-03-21 12:40:31','em81@asd.com',NULL,NULL,1),(82,'user82','a82','2017-03-21 12:49:18','em82@asd.com',NULL,NULL,1),(83,'user83','a83','2017-03-21 20:45:14','em83@asd.com',NULL,NULL,1),(84,'user84','a84','2017-03-22 06:02:34','em84@asd.com',NULL,NULL,1),(85,'user85','a85','2017-03-22 10:36:37','em85@asd.com',NULL,NULL,1),(86,'user86','a86','2017-03-01 00:00:00','em86@asd.com',NULL,NULL,1),(87,'user87','a87','2017-03-22 16:25:09','em87@asd.com',NULL,NULL,1),(88,'user88','a88','2017-03-22 18:38:58','em88@asd.com',NULL,NULL,1),(89,'user89','a89','2017-03-22 19:26:42','em89@asd.com',NULL,NULL,1),(91,'user91','a91','2017-03-23 11:29:05','em91@asd.com',NULL,NULL,1),(92,'user92','a92','2017-03-24 01:32:32','em92@asd.com',NULL,NULL,1),(94,'user94','a94','2017-03-25 15:37:25','em94@asd.com',NULL,NULL,1),(95,'user95','a95','2017-03-25 21:09:42','em95@asd.com',NULL,NULL,1),(96,'user96','a96','2017-03-26 17:08:18','em96@asd.com',NULL,NULL,1),(98,'user98','a98','2017-03-27 12:50:19','em98@asd.com',NULL,NULL,1),(99,'user99','a99','2017-03-27 14:49:59','em99@asd.com',NULL,NULL,1),(100,'user100','a100','2017-03-28 06:23:21','em100@asd.com',NULL,NULL,1),(101,'user101','a101','2017-03-29 23:52:59','em101@asd.com',NULL,NULL,1),(102,'user102','a102','2017-03-30 07:23:01','em102@asd.com',NULL,NULL,1),(103,'user103','a103','2017-03-30 16:04:01','em103@asd.com',NULL,NULL,1),(104,'user104','a104','2017-03-31 16:58:13','em104@asd.com',NULL,NULL,1),(106,'user106','a106','2017-04-01 04:58:23','em106@asd.com',NULL,NULL,1),(107,'user107','a107','2017-04-01 05:47:27','em107@asd.com',NULL,NULL,1),(108,'user108','a108','2017-04-01 05:52:23','em108@asd.com',NULL,NULL,1),(109,'user109','a109','2017-04-01 06:11:20','em109@asd.com',NULL,NULL,1),(110,'user110','a110','2017-04-01 13:13:19','em110@asd.com',NULL,NULL,1),(111,'user111','a111','2017-04-01 14:10:51','em111@asd.com',NULL,NULL,1),(112,'user112','a112','2017-04-02 03:34:03','em112@asd.com',NULL,NULL,1),(113,'user113','a113','2017-04-05 04:32:34','em113@asd.com',NULL,NULL,1),(114,'user114','a114','2017-04-05 07:57:04','em114@asd.com',NULL,NULL,1),(115,'user115','a115','2017-04-06 13:54:02','em115@asd.com',NULL,NULL,1),(116,'user116','a116','2017-04-06 17:06:06','em116@asd.com',NULL,NULL,1),(117,'user117','a117','2017-04-06 21:24:27','em117@asd.com',NULL,NULL,1),(118,'user118','a118','2017-04-06 21:37:11','em118@asd.com',NULL,NULL,1),(119,'user119','a119','2017-04-08 17:08:25','em119@asd.com',NULL,NULL,1),(120,'user120','a120','2017-04-09 07:47:21','em120@asd.com',NULL,NULL,1),(121,'user121','a121','2017-04-10 19:32:56','em121@asd.com',NULL,NULL,1),(122,'user122','a122','2017-04-10 22:09:34','em122@asd.com',NULL,NULL,1),(123,'user123','a123','2017-04-13 15:15:58','em123@asd.com',NULL,NULL,1),(124,'user124','a124','2017-04-17 07:34:08','em124@asd.com',NULL,NULL,1),(125,'user125','a125','2017-04-17 08:43:20','em125@asd.com',NULL,NULL,1),(126,'user126','a126','2017-04-17 13:38:41','em126@asd.com',NULL,NULL,1),(127,'user127','a127','2017-04-17 16:45:19','em127@asd.com',NULL,NULL,1),(128,'user128','a128','2017-04-22 08:07:40','em128@asd.com',NULL,NULL,1),(129,'user129','a129','2017-04-26 11:11:13','em129@asd.com',NULL,NULL,1),(130,'user130','a130','2017-04-27 20:52:27','em130@asd.com',NULL,NULL,1),(131,'user131','a131','2017-04-29 11:19:17','em131@asd.com',NULL,NULL,1),(132,'user132','a132','2017-04-29 20:02:11','em132@asd.com',NULL,NULL,1),(133,'user133','a133','2017-05-03 17:11:55','em133@asd.com',NULL,NULL,1),(134,'user134','a134','2017-05-04 11:44:56','em134@asd.com',NULL,NULL,1),(135,'user135','a135','2017-05-15 07:35:32','em135@asd.com',NULL,NULL,1),(146,'user146','a146','2017-06-02 00:08:12','em146@asd.com',NULL,NULL,1),(147,'user147','a147','2017-06-02 07:45:42','em147@asd.com',NULL,NULL,1),(148,'user148','a148','2017-06-15 13:10:43','em148@asd.com',NULL,NULL,1),(149,'user149','a149','2017-06-17 18:06:04','em149@asd.com',NULL,NULL,1),(150,'user150','a150','2017-06-19 11:23:15','em150@asd.com',NULL,NULL,1),(151,'user151','a151','2017-07-01 12:23:46','em151@asd.com',NULL,NULL,1),(152,'user152','a152','2017-07-02 05:32:22','em152@asd.com',NULL,NULL,1),(153,'user153','a153','2017-07-02 15:37:24','em153@asd.com',NULL,NULL,1),(154,'user154','a154','2017-07-07 16:19:57','em154@asd.com',NULL,NULL,1),(155,'user155','a155','2017-07-08 03:44:38','em155@asd.com',NULL,NULL,1),(156,'user156','a156','2017-07-16 14:26:15','em156@asd.com',NULL,NULL,1),(157,'user157','a157','2017-07-18 04:07:54','em157@asd.com',NULL,NULL,1),(158,'user158','a158','2017-07-23 14:40:00','em158@asd.com',NULL,NULL,1),(159,'user159','a159','2017-07-25 23:48:48','em159@asd.com',NULL,NULL,1),(160,'user160','a160','2017-07-27 14:25:05','em160@asd.com',NULL,NULL,1),(161,'user161','a161','2017-07-28 02:39:41','em161@asd.com',NULL,NULL,1),(162,'user162','a162','2017-08-02 00:00:54','em162@asd.com',NULL,NULL,1),(163,'user163','a163','2017-08-09 13:23:51','em163@asd.com',NULL,NULL,1),(164,'user164','a164','2017-08-11 14:47:21','em164@asd.com',NULL,NULL,1),(165,'user165','a165','2017-08-15 00:27:35','em165@asd.com',NULL,NULL,1),(166,'user166','a166','2017-08-16 12:23:26','em166@asd.com',NULL,NULL,1),(167,'user167','a167','2017-08-19 15:26:28','em167@asd.com',NULL,NULL,1),(168,'user168','a168','2017-08-19 23:51:36','em168@asd.com',NULL,NULL,1),(169,'user169','a169','2017-08-29 17:29:16','em169@asd.com',NULL,NULL,1),(170,'user170','a170','2017-09-06 13:42:30','em170@asd.com',NULL,NULL,1),(171,'user171','a171','2017-09-10 18:41:26','em171@asd.com',NULL,NULL,1),(172,'user172','a172','2017-09-10 18:45:49','em172@asd.com',NULL,NULL,1),(173,'user173','a173','2017-09-20 03:44:42','em173@asd.com',NULL,NULL,1),(174,'user174','a174','2017-09-22 00:25:28','em174@asd.com',NULL,NULL,1),(175,'user175','a175','2017-09-25 15:17:08','em175@asd.com',NULL,NULL,1),(176,'user176','a176','2017-09-25 15:32:28','em176@asd.com',NULL,NULL,1),(177,'user177','a177','2017-09-25 16:06:02','em177@asd.com',NULL,NULL,1),(178,'user178','a178','2017-09-25 16:29:06','em178@asd.com',NULL,NULL,1),(179,'user179','a179','2017-10-03 03:47:10','em179@asd.com',NULL,NULL,1),(180,'user180','a180','2017-10-06 10:35:26','em180@asd.com',NULL,NULL,1),(181,'user181','a181','2017-10-19 06:35:30','em181@asd.com',NULL,NULL,1),(182,'user182','a182','2017-10-23 09:37:17','em182@asd.com',NULL,NULL,1),(183,'user183','a183','2017-10-30 05:32:03','em183@asd.com',NULL,NULL,1),(184,'user184','a184','2017-11-05 04:41:31','em184@asd.com',NULL,NULL,1),(185,'user185','a185','2017-11-10 16:30:42','em185@asd.com',NULL,NULL,1),(186,'user186','a186','2017-11-13 22:23:21','em186@asd.com',NULL,NULL,1),(187,'user187','a187','2017-11-15 12:20:37','em187@asd.com',NULL,NULL,1),(188,'user188','a188','2017-11-16 07:47:27','em188@asd.com',NULL,NULL,1),(189,'user189','a189','2017-11-20 09:00:38','em189@asd.com',NULL,NULL,1),(190,'user190','a190','2017-11-20 13:02:59','em190@asd.com',NULL,NULL,1),(191,'user191','a191','2017-11-20 15:16:13','em191@asd.com',NULL,NULL,1),(192,'user192','a192','2017-11-24 06:01:12','em192@asd.com',NULL,NULL,1),(193,'user193','a193','2017-11-28 14:23:17','em193@asd.com',NULL,NULL,1),(194,'user194','a194','2017-11-29 11:46:55','em194@asd.com',NULL,NULL,1),(196,'user196','a196','2017-12-06 02:06:54','em196@asd.com',NULL,NULL,1),(197,'user197','a197','2017-12-06 02:09:38','em197@asd.com',NULL,NULL,1),(198,'user198','a198','2017-12-06 02:29:51','em198@asd.com',NULL,NULL,1),(199,'user199','a199','2017-12-08 14:50:33','em199@asd.com',NULL,NULL,1),(200,'user200','a200','2017-12-14 13:35:10','em200@asd.com',NULL,NULL,1),(201,'user201','a201','2017-12-15 09:46:32','em201@asd.com',NULL,NULL,1),(202,'user202','a202','2018-03-03 14:02:44','em202@asd.com',NULL,NULL,1),(203,'user203','a203','2018-03-03 14:03:11','em203@asd.com',NULL,NULL,1),(204,'user204','a204','2018-03-06 07:12:27','em204@asd.com',NULL,NULL,1),(205,'user205','a205','2018-03-06 07:36:29','em205@asd.com',NULL,NULL,1),(206,'user206','a206','2018-03-10 10:02:27','em206@asd.com',NULL,NULL,1),(207,'user207','a207','2018-03-11 13:35:50','em207@asd.com',NULL,NULL,1),(208,'user208','a208','2018-03-14 02:46:26','em208@asd.com',NULL,NULL,1),(209,'user209','a209','2018-03-14 05:42:11','em209@asd.com',NULL,NULL,1),(210,'user210','a210','2018-03-16 06:06:54','em210@asd.com',NULL,NULL,1),(211,'user211','a211','2018-03-20 16:22:07','em211@asd.com',NULL,NULL,1),(212,'user212','a212','2018-03-22 18:11:56','em212@asd.com',NULL,NULL,1),(213,'user213','a213','2018-03-24 17:30:32','em213@asd.com',NULL,NULL,1),(214,'user214','a214','2018-03-25 01:33:17','em214@asd.com',NULL,NULL,1),(215,'user215','a215','2018-03-25 04:37:58','em215@asd.com',NULL,NULL,1),(216,'user216','a216','2018-03-28 01:58:24','em216@asd.com',NULL,NULL,1),(217,'user217','a217','2018-03-30 03:46:01','em217@asd.com',NULL,NULL,1),(218,'user218','a218','2018-03-30 04:07:36','em218@asd.com',NULL,NULL,1),(219,'user219','a219','2018-03-30 04:16:00','em219@asd.com',NULL,NULL,1),(220,'user220','a220','2018-03-30 04:19:31','em220@asd.com',NULL,NULL,1),(221,'user221','a221','2018-03-30 04:36:50','em221@asd.com',NULL,NULL,1),(222,'user222','a222','2018-03-30 04:42:06','em222@asd.com',NULL,NULL,1),(223,'user223','a223','2018-03-30 06:34:47','em223@asd.com',NULL,NULL,1),(224,'user224','a224','2018-03-30 06:54:54','em224@asd.com',NULL,NULL,1),(225,'user225','a225','2018-04-02 04:17:46','em225@asd.com',NULL,NULL,1),(226,'user226','a226','2018-04-02 23:34:09','em226@asd.com',NULL,NULL,1),(227,'user227','a227','2018-04-23 20:17:56','em227@asd.com',NULL,NULL,1),(228,'user228','a228','2018-05-02 23:07:40','em228@asd.com',NULL,NULL,1),(229,'user229','a229','2018-05-06 05:45:57','em229@asd.com',NULL,NULL,1),(230,'user230','a230','2018-05-15 09:43:10','em230@asd.com',NULL,NULL,1),(231,'user231','a231','2018-05-27 15:35:16','em231@asd.com',NULL,NULL,1),(232,'user232','a232','2018-06-07 21:22:32','em232@asd.com',NULL,NULL,1),(233,'user233','a233','2018-06-22 19:56:16','em233@asd.com',NULL,NULL,1),(234,'user234','a234','2018-06-23 02:33:41','em234@asd.com',NULL,NULL,1),(235,'user235','a235','2018-07-06 06:18:16','em235@asd.com',NULL,NULL,1),(236,'user236','a236','2018-07-18 14:27:09','em236@asd.com',NULL,NULL,1),(237,'user237','a237','2018-07-20 04:19:23','em237@asd.com',NULL,NULL,1),(238,'user238','a238','2018-07-20 12:15:23','em238@asd.com',NULL,NULL,1),(239,'user239','a239','2018-07-20 14:47:34','em239@asd.com',NULL,NULL,1),(240,'user240','a240','2018-07-24 19:51:23','em240@asd.com',NULL,NULL,1),(241,'user241','a241','2018-07-25 21:34:35','em241@asd.com',NULL,NULL,1),(242,'user242','a242','2018-07-31 13:24:59','em242@asd.com',NULL,NULL,1),(243,'user243','a243','2018-08-08 04:44:30','em243@asd.com',NULL,NULL,1),(244,'user244','a244','2018-08-08 19:29:50','em244@asd.com',NULL,NULL,1),(245,'user245','a245','2018-08-17 18:35:49','em245@asd.com',NULL,NULL,1),(246,'user246','a246','2018-09-08 05:25:24','em246@asd.com',NULL,NULL,1),(247,'user247','a247','2018-09-18 01:26:05','em247@asd.com',NULL,NULL,1),(248,'user248','a248','2018-10-13 14:24:12','em248@asd.com',NULL,NULL,1),(249,'user249','a249','2018-10-17 20:23:27','em249@asd.com',NULL,NULL,1),(250,'user250','a250','2018-10-20 17:10:16','em250@asd.com',NULL,NULL,1),(251,'user251','a251','2018-10-30 03:42:11','em251@asd.com',NULL,NULL,1),(252,'user252','a252','2018-11-14 00:36:57','em252@asd.com',NULL,NULL,1),(253,'user253','a253','2018-11-23 23:51:01','em253@asd.com',NULL,NULL,1),(254,'user254','a254','2018-11-27 05:23:18','em254@asd.com',NULL,NULL,1),(255,'user255','a255','2018-12-13 09:39:43','em255@asd.com',NULL,NULL,1),(256,'user256','a256','2018-12-17 04:38:04','em256@asd.com',NULL,NULL,1),(257,'user257','a257','2018-12-17 05:06:41','em257@asd.com',NULL,NULL,1),(258,'user258','a258','2018-12-17 07:50:51','em258@asd.com',NULL,NULL,1),(259,'user259','a259','2018-12-17 14:06:16','em259@asd.com',NULL,NULL,1),(260,'user260','a260','2018-12-17 15:15:26','em260@asd.com',NULL,NULL,1),(261,'user261','a261','2018-12-17 17:41:24','em261@asd.com',NULL,NULL,1),(262,'user262','a262','2018-12-18 17:49:21','em262@asd.com',NULL,NULL,1),(263,'user263','a263','2018-12-19 20:17:33','em263@asd.com',NULL,NULL,1),(264,'user264','a264','2018-12-19 22:44:06','em264@asd.com',NULL,NULL,1),(265,'user265','a265','2018-12-28 20:16:25','em265@asd.com',NULL,NULL,1),(266,'user266','a266','2018-12-31 20:52:54','em266@asd.com',NULL,NULL,1),(267,'user267','a267','2019-01-04 19:40:28','em267@asd.com',NULL,NULL,1),(268,'user268','a268','2019-01-15 12:03:23','em268@asd.com',NULL,NULL,1),(269,'user269','a269','2019-01-19 02:56:36','em269@asd.com',NULL,NULL,1),(270,'user270','a270','2019-01-23 11:10:17','em270@asd.com',NULL,NULL,1),(271,'user271','a271','2019-01-27 05:06:28','em271@asd.com',NULL,NULL,1),(272,'user272','a272','2019-01-27 05:49:21','em272@asd.com',NULL,NULL,1);
/*!40000 ALTER TABLE `Users` ENABLE KEYS */;
UNLOCK TABLES;

--
-- Table structure for table `VideoTags`
--

DROP TABLE IF EXISTS `VideoTags`;
/*!40101 SET @saved_cs_client     = @@character_set_client */;
 SET character_set_client = utf8mb4 ;
CREATE TABLE `VideoTags` (
  `TagId` int(11) NOT NULL AUTO_INCREMENT,
  `TagName` varchar(45) NOT NULL,
  PRIMARY KEY (`TagId`),
  UNIQUE KEY `TagId_UNIQUE` (`TagId`)
) ENGINE=InnoDB AUTO_INCREMENT=4 DEFAULT CHARSET=utf8;
/*!40101 SET character_set_client = @saved_cs_client */;

--
-- Dumping data for table `VideoTags`
--

LOCK TABLES `VideoTags` WRITE;
/*!40000 ALTER TABLE `VideoTags` DISABLE KEYS */;
INSERT INTO `VideoTags` VALUES (1,'speedrun'),(2,'walkthrough'),(3,'battleaxe');
/*!40000 ALTER TABLE `VideoTags` ENABLE KEYS */;
UNLOCK TABLES;
/*!40103 SET TIME_ZONE=@OLD_TIME_ZONE */;

/*!40101 SET SQL_MODE=@OLD_SQL_MODE */;
/*!40014 SET FOREIGN_KEY_CHECKS=@OLD_FOREIGN_KEY_CHECKS */;
/*!40014 SET UNIQUE_CHECKS=@OLD_UNIQUE_CHECKS */;
/*!40101 SET CHARACTER_SET_CLIENT=@OLD_CHARACTER_SET_CLIENT */;
/*!40101 SET CHARACTER_SET_RESULTS=@OLD_CHARACTER_SET_RESULTS */;
/*!40101 SET COLLATION_CONNECTION=@OLD_COLLATION_CONNECTION */;
/*!40111 SET SQL_NOTES=@OLD_SQL_NOTES */;

-- Dump completed on 2019-05-05 16:28:40
